日期,收盘,开盘,高,低,交易量,涨跌幅
2020/1/2,"4,852.78","4,852.78","4,852.78","4,852.78",,2.92%
2020/1/3,"4,829.97","4,829.97","4,829.97","4,829.97",,-0.47%
2020/1/6,"4,795.97","4,795.97","4,795.97","4,795.97",,-0.70%
2020/1/7,"4,843.87","4,843.87","4,843.87","4,843.87",,1.00%
2020/1/8,"4,810.03","4,810.03","4,810.03","4,810.03",,-0.70%
2020/1/9,"4,948.41","4,948.41","4,948.41","4,948.41",,2.88%
2020/1/10,"5,017.40","5,017.40","5,017.40","5,017.40",,1.39%
2020/1/13,"5,186.18","5,186.18","5,186.18","5,186.18",,3.36%
2020/1/14,"5,107.63","5,107.63","5,107.63","5,107.63",,-1.51%
2020/1/15,"5,182.31","5,182.31","5,182.31","5,182.31",,1.46%
2020/1/16,"5,223.91","5,223.91","5,223.91","5,223.91",,0.80%
2020/1/17,"5,309.10","5,309.10","5,309.10","5,309.10",,1.63%
2020/1/20,"5,301.93","5,301.93","5,301.93","5,301.93",,-0.14%
2020/1/21,"5,136.94","5,136.94","5,136.94","5,136.94",,-3.11%
2020/1/22,"5,345.23","5,345.23","5,345.23","5,345.23",,4.05%
2020/1/23,"5,162.48","5,162.48","5,162.48","5,162.48",,-3.42%
2020/1/24,"5,210.52","5,210.52","5,210.52","5,210.52",,0.93%
2020/1/29,"5,129.14","5,129.14","5,129.14","5,129.14",,-1.56%
2020/1/30,"4,813.63","4,813.63","4,813.63","4,813.63",,-6.15%
2020/1/31,"4,809.12","4,809.12","4,809.12","4,809.12",,-0.09%
2020/2/3,"4,853.47","4,853.47","4,853.47","4,853.47",,0.92%
2020/2/4,"5,035.23","5,035.23","5,035.23","5,035.23",,3.74%
2020/2/5,"5,096.25","5,096.25","5,096.25","5,096.25",,1.21%
2020/2/6,"5,231.07","5,231.07","5,231.07","5,231.07",,2.65%
2020/2/7,"5,280.66","5,280.66","5,280.66","5,280.66",,0.95%
2020/2/10,"5,296.26","5,296.26","5,296.26","5,296.26",,0.30%
2020/2/11,"5,283.82","5,283.82","5,283.82","5,283.82",,-0.23%
2020/2/12,"5,340.99","5,340.99","5,340.99","5,340.99",,1.08%
2020/2/13,"5,418.68","5,418.68","5,418.68","5,418.68",,1.45%
2020/2/14,"5,315.01","5,315.01","5,315.01","5,315.01",,-1.91%
2020/2/17,"5,417.99","5,417.99","5,417.99","5,417.99",,1.94%
2020/2/18,"5,295.17","5,295.17","5,295.17","5,295.17",,-2.27%
2020/2/19,"5,329.39","5,329.39","5,329.39","5,329.39",,0.65%
2020/2/20,"5,412.57","5,412.57","5,412.57","5,412.57",,1.56%
2020/2/21,"5,316.42","5,316.42","5,316.42","5,316.42",,-1.78%
2020/2/24,"5,235.06","5,235.06","5,235.06","5,235.06",,-1.53%
2020/2/25,"5,342.08","5,342.08","5,342.08","5,342.08",,2.04%
2020/2/26,"5,202.44","5,202.44","5,202.44","5,202.44",,-2.61%
2020/2/27,"5,304.63","5,304.63","5,304.63","5,304.63",,1.96%
2020/2/28,"5,071.12","5,071.12","5,071.12","5,071.12",,-4.40%
2020/3/2,"5,149.22","5,149.22","5,149.22","5,149.22",,1.54%
2020/3/3,"5,182.87","5,182.87","5,182.87","5,182.87",,0.65%
2020/3/4,"5,140.43","5,140.43","5,140.43","5,140.43",,-0.82%
2020/3/5,"5,239.70","5,239.70","5,239.70","5,239.70",,1.93%
2020/3/6,"5,187.82","5,187.82","5,187.82","5,187.82",,-0.99%
2020/3/9,"4,859.24","4,859.24","4,859.24","4,859.24",,-6.33%
2020/3/10,"4,948.31","4,948.31","4,948.31","4,948.31",,1.83%
2020/3/11,"4,851.30","4,851.30","4,851.30","4,851.30",,-1.96%
2020/3/12,"4,598.97","4,598.97","4,598.97","4,598.97",,-5.20%
2020/3/13,"4,594.62","4,594.62","4,594.62","4,594.62",,-0.09%
2020/3/16,"4,194.76","4,194.76","4,194.76","4,194.76",,-8.70%
2020/3/17,"4,223.41","4,223.41","4,223.41","4,223.41",,0.68%
2020/3/18,"3,988.87","3,988.87","3,988.87","3,988.87",,-5.55%
2020/3/19,"3,988.02","3,988.02","3,988.02","3,988.02",,-0.02%
2020/3/20,"4,237.52","4,237.52","4,237.52","4,237.52",,6.26%
2020/3/23,"4,016.02","4,016.02","4,016.02","4,016.02",,-5.23%
2020/3/24,"4,210.06","4,210.06","4,210.06","4,210.06",,4.83%
2020/3/25,"4,414.89","4,414.89","4,414.89","4,414.89",,4.87%
2020/3/26,"4,429.89","4,429.89","4,429.89","4,429.89",,0.34%
2020/3/27,"4,415.82","4,415.82","4,415.82","4,415.82",,-0.32%
2020/3/30,"4,306.40","4,306.40","4,306.40","4,306.40",,-2.48%
2020/3/31,"4,441.07","4,441.07","4,441.07","4,441.07",,3.13%
2020/4/1,"4,396.69","4,396.69","4,396.69","4,396.69",,-1.00%
2020/4/2,"4,507.60","4,507.60","4,507.60","4,507.60",,2.52%
2020/4/3,"4,453.37","4,453.37","4,453.37","4,453.37",,-1.20%
2020/4/6,"4,599.88","4,599.88","4,599.88","4,599.88",,3.29%
2020/4/7,"4,711.50","4,711.50","4,711.50","4,711.50",,2.43%
2020/4/8,"4,679.50","4,679.50","4,679.50","4,679.50",,-0.68%
2020/4/9,"4,697.75","4,697.75","4,697.75","4,697.75",,0.39%
2020/4/14,"4,745.56","4,745.56","4,745.56","4,745.56",,1.02%
2020/4/15,"4,788.30","4,788.30","4,788.30","4,788.30",,0.90%
2020/4/16,"4,891.86","4,891.86","4,891.86","4,891.86",,2.16%
2020/4/17,"4,931.36","4,931.36","4,931.36","4,931.36",,0.81%
2020/4/20,"4,992.68","4,992.68","4,992.68","4,992.68",,1.24%
2020/4/21,"4,877.54","4,877.54","4,877.54","4,877.54",,-2.31%
2020/4/22,"4,991.72","4,991.72","4,991.72","4,991.72",,2.34%
2020/4/23,"4,988.33","4,988.33","4,988.33","4,988.33",,-0.07%
2020/4/24,"4,859.56","4,859.56","4,859.56","4,859.56",,-2.58%
2020/4/27,"4,937.51","4,937.51","4,937.51","4,937.51",,1.60%
2020/4/28,"5,025.82","5,025.82","5,025.82","5,025.82",,1.79%
2020/4/29,"4,996.66","4,996.66","4,996.66","4,996.66",,-0.58%
2020/5/4,"4,829.64","4,829.64","4,829.64","4,829.64",,-3.34%
2020/5/5,"4,896.38","4,896.38","4,896.38","4,896.38",,1.38%
2020/5/6,"5,049.42","5,049.42","5,049.42","5,049.42",,3.13%
2020/5/7,"5,050.33","5,050.33","5,050.33","5,050.33",,0.02%
2020/5/8,"5,168.76","5,168.76","5,168.76","5,168.76",,2.34%
2020/5/11,"5,231.83","5,231.83","5,231.83","5,231.83",,1.22%
2020/5/12,"5,314.22","5,314.22","5,314.22","5,314.22",,1.57%
2020/5/13,"5,329.27","5,329.27","5,329.27","5,329.27",,0.28%
2020/5/14,"5,382.38","5,382.38","5,382.38","5,382.38",,1.00%
2020/5/15,"5,467.94","5,467.94","5,467.94","5,467.94",,1.59%
2020/5/18,"5,349.16","5,349.16","5,349.16","5,349.16",,-2.17%
2020/5/19,"5,500.26","5,500.26","5,500.26","5,500.26",,2.82%
2020/5/20,"5,568.68","5,568.68","5,568.68","5,568.68",,1.24%
2020/5/21,"5,438.79","5,438.79","5,438.79","5,438.79",,-2.33%
2020/5/22,"5,138.16","5,138.16","5,138.16","5,138.16",,-5.53%
2020/5/25,"5,258.12","5,258.12","5,258.12","5,258.12",,2.33%
2020/5/26,"5,382.84","5,382.84","5,382.84","5,382.84",,2.37%
2020/5/27,"5,260.53","5,260.53","5,260.53","5,260.53",,-2.27%
2020/5/28,"5,150.19","5,150.19","5,150.19","5,150.19",,-2.10%
2020/5/29,"5,259.97","5,259.97","5,259.97","5,259.97",,2.13%
2020/6/1,"5,496.09","5,496.09","5,496.09","5,496.09",,4.49%
2020/6/2,"5,523.68","5,523.68","5,523.68","5,523.68",,0.50%
2020/6/3,"5,646.93","5,646.93","5,646.93","5,646.93",,2.23%
2020/6/4,"5,653.70","5,653.70","5,653.70","5,653.70",,0.12%
2020/6/5,"5,699.28","5,699.28","5,699.28","5,699.28",,0.81%
2020/6/8,"5,649.65","5,649.65","5,649.65","5,649.65",,-0.87%
2020/6/9,"5,663.29","5,663.29","5,663.29","5,663.29",,0.24%
2020/6/10,"5,718.01","5,718.01","5,718.01","5,718.01",,0.97%
2020/6/11,"5,664.67","5,664.67","5,664.67","5,664.67",,-0.93%
2020/6/12,"5,703.59","5,703.59","5,703.59","5,703.59",,0.69%
2020/6/15,"5,579.27","5,579.27","5,579.27","5,579.27",,-2.18%
2020/6/16,"5,880.58","5,880.58","5,880.58","5,880.58",,5.40%
2020/6/17,"5,926.60","5,926.60","5,926.60","5,926.60",,0.78%
2020/6/18,"6,063.85","6,063.85","6,063.85","6,063.85",,2.32%
2020/6/19,"6,132.71","6,132.71","6,132.71","6,132.71",,1.14%
2020/6/22,"6,136.53","6,136.53","6,136.53","6,136.53",,0.06%
2020/6/23,"6,350.31","6,350.31","6,350.31","6,350.31",,3.48%
2020/6/24,"6,454.19","6,454.19","6,454.19","6,454.19",,1.64%
2020/6/26,"6,476.97","6,476.97","6,476.97","6,476.97",,0.35%
2020/6/29,"6,334.84","6,334.84","6,334.84","6,334.84",,-2.19%
2020/6/30,"6,376.98","6,376.98","6,376.98","6,376.98",,0.67%
2020/7/2,"6,666.25","6,666.25","6,666.25","6,666.25",,4.54%
2020/7/3,"6,911.58","6,911.58","6,911.58","6,911.58",,3.68%
2020/7/6,"7,242.69","7,242.69","7,242.69","7,242.69",,4.79%
2020/7/7,"7,078.17","7,078.17","7,078.17","7,078.17",,-2.27%
2020/7/8,"7,446.74","7,446.74","7,446.74","7,446.74",,5.21%
2020/7/9,"7,776.77","7,776.77","7,776.77","7,776.77",,4.43%
2020/7/10,"7,683.91","7,683.91","7,683.91","7,683.91",,-1.19%
2020/7/13,"7,736.67","7,736.67","7,736.67","7,736.67",,0.69%
2020/7/14,"7,461.20","7,461.20","7,461.20","7,461.20",,-3.56%
2020/7/15,"7,371.42","7,371.42","7,371.42","7,371.42",,-1.20%
2020/7/16,"6,725.21","6,725.21","6,725.21","6,725.21",,-8.77%
2020/7/17,"6,859.87","6,859.87","6,859.87","6,859.87",,2.00%
2020/7/20,"6,880.91","6,880.91","6,880.91","6,880.91",,0.31%
2020/7/21,"7,376.93","7,376.93","7,376.93","7,376.93",,7.21%
2020/7/22,"7,036.95","7,036.95","7,036.95","7,036.95",,-4.61%
2020/7/23,"7,225.23","7,225.23","7,225.23","7,225.23",,2.68%
2020/7/24,"6,862.70","6,862.70","6,862.70","6,862.70",,-5.02%
2020/7/27,"6,774.78","6,918.05","7,014.84","6,677.16",,-1.28%
2020/7/28,"7,012.62","6,930.58","7,012.62","6,902.57",,3.51%
2020/7/29,"7,085.15","6,971.98","7,099.94","6,951.10",,1.03%
2020/7/30,"7,100.21","7,160.24","7,244.19","7,083.79",,0.21%
2020/7/31,"7,155.03","7,193.55","7,285.56","7,108.15",,0.77%
2020/8/3,"7,292.45","7,255.44","7,311.53","7,127.20",,1.92%
2020/8/4,"7,436.59","7,390.33","7,448.95","7,330.11",,1.98%
2020/8/5,"7,547.20","7,488.74","7,547.20","7,398.66",,1.49%
2020/8/6,"7,576.84","7,579.88","7,588.85","7,420.51",,0.39%
2020/8/7,"7,386.66","7,551.80","7,551.80","7,144.76",,-2.51%
2020/8/10,"7,176.17","7,279.54","7,279.54","7,119.29",,-2.85%
2020/8/11,"7,129.84","7,217.05","7,274.64","7,085.29",,-0.65%
2020/8/12,"7,010.72","7,086.93","7,086.93","6,833.88",,-1.67%
2020/8/13,"7,031.81","7,116.74","7,133.18","7,008.40",,0.30%
2020/8/14,"7,038.26","7,019.18","7,091.00","6,975.84",,0.09%
2020/8/17,"7,075.03","7,037.86","7,117.17","7,004.77",,0.52%
2020/8/18,"7,196.01","7,147.73","7,196.01","7,075.06",,1.71%
2020/8/19,"7,150.41","7,147.73","7,251.57","7,075.06",,-0.63%
2020/8/20,"7,167.60","7,183.25","7,183.25","7,060.78",,0.24%
2020/8/21,"7,168.87","7,205.57","7,208.73","7,104.01",,0.02%
2020/8/24,"7,329.91","7,247.60","7,332.19","7,198.76",,2.25%
2020/8/25,"7,223.67","7,348.10","7,355.49","7,153.69",,-1.45%
2020/8/26,"7,275.44","7,311.50","7,326.57","7,219.82",,0.72%
2020/8/27,"7,540.86","7,352.09","7,574.23","7,311.00",,3.65%
2020/8/28,"7,580.90","7,521.87","7,745.92","7,430.02",,0.53%
2020/8/31,"7,543.86","7,746.63","7,771.28","7,543.86",,-0.49%
2020/9/1,"7,674.71","7,556.90","7,683.66","7,526.33",,1.73%
2020/9/2,"7,909.39","7,874.07","7,909.39","7,764.78",,3.06%
2020/9/3,"7,706.06","7,889.48","7,889.48","7,678.15",,-2.57%
2020/9/4,"7,588.02","7,342.83","7,622.35","7,290.83",,-1.53%
2020/9/7,"7,240.96","7,481.19","7,487.95","7,213.81",,-4.57%
2020/9/8,"7,123.28","7,301.72","7,326.01","7,007.09",,-1.63%
2020/9/9,"7,015.64","6,984.19","7,086.74","6,906.75",,-1.51%
2020/9/10,"6,999.72","7,133.84","7,200.80","6,994.63",,-0.23%
2020/9/11,"7,178.27","7,001.26","7,195.96","6,986.97",,2.55%
2020/9/14,"7,317.31","7,235.43","7,345.08","7,232.97",,1.94%
2020/9/15,"7,348.72","7,327.13","7,374.48","7,281.24",,0.43%
2020/9/16,"7,430.09","7,401.88","7,464.42","7,370.02",,1.11%
2020/9/17,"7,301.56","7,403.11","7,433.00","7,245.87",,-1.73%
2020/9/18,"7,371.82","7,314.72","7,371.82","7,237.95",,0.96%
2020/9/21,"7,195.75","7,408.78","7,422.87","7,188.84",,-2.39%
2020/9/22,"7,233.32","7,202.01","7,319.08","7,144.89",,0.52%
2020/9/23,"7,298.62","7,270.29","7,327.99","7,235.37",,0.90%
2020/9/24,"7,054.28","7,218.71","7,223.84","7,051.11",,-3.35%
2020/9/25,"6,918.77","7,110.42","7,134.45","6,860.75",,-1.92%
2020/9/28,"6,978.59","6,921.46","6,998.21","6,897.62",,0.86%
2020/9/29,"6,977.30","7,063.95","7,078.74","6,965.70",,-0.02%
2020/9/30,"7,087.64","7,017.17","7,143.14","6,981.22",,1.58%
2020/10/5,"7,092.06","7,255.73","7,255.73","7,049.82",,0.06%
2020/10/6,"7,336.35","7,154.80","7,350.20","7,141.42",,3.44%
2020/10/7,"7,494.59","7,358.22","7,494.59","7,300.09",,2.16%
2020/10/8,"7,511.11","7,527.52","7,527.52","7,438.45",,0.22%
2020/10/9,"7,503.27","7,567.75","7,597.29","7,467.87",,-0.10%
2020/10/12,"7,748.85","7,575.67","7,749.98","7,575.67",,3.27%
2020/10/14,"7,819.84","7,878.84","7,878.84","7,725.80",,0.92%
2020/10/15,"7,541.04","7,766.27","7,769.07","7,504.74",,-3.57%
2020/10/16,"7,604.61","7,661.68","7,675.58","7,540.76",,0.84%
2020/10/19,"7,570.71","7,687.37","7,723.86","7,559.62",,-0.45%
2020/10/20,"7,644.48","7,592.77","7,644.48","7,516.30",,0.97%
2020/10/21,"7,618.06","7,707.12","7,732.20","7,609.39",,-0.35%
2020/10/22,"7,620.34","7,624.14","7,624.14","7,495.48",,0.03%
2020/10/23,"7,484.48","7,600.35","7,600.35","7,441.65",,-1.78%
2020/10/27,"7,547.66","7,457.47","7,603.44","7,449.86",,0.84%
2020/10/28,"7,656.45","7,577.04","7,694.83","7,520.69",,1.44%
2020/10/29,"7,675.42","7,508.24","7,729.82","7,485.71",,0.25%
2020/10/30,"7,534.39","7,691.83","7,778.82","7,509.78",,-1.84%
2020/11/2,"7,585.76","7,601.14","7,643.02","7,474.70",,0.68%
2020/11/3,"7,714.73","7,626.98","7,774.11","7,626.98",,1.70%
2020/11/4,"7,758.72","7,594.79","7,817.48","7,574.61",,0.57%
2020/11/5,"8,181.62","8,062.58","8,181.62","8,045.11",,5.45%
2020/11/6,"8,152.54","8,200.20","8,229.28","8,020.85",,-0.36%
2020/11/9,"8,394.19","8,325.85","8,524.94","8,324.45",,2.96%
2020/11/10,"7,961.74","8,214.52","8,214.52","7,841.11",,-5.15%
2020/11/11,"7,465.44","7,724.61","7,827.50","7,450.35",,-6.23%
2020/11/12,"7,706.58","7,679.10","7,812.50","7,672.13",,3.23%
2020/11/13,"7,939.72","7,772.01","7,939.72","7,714.36",,3.03%
2020/11/16,"8,075.83","8,075.93","8,079.54","7,890.32",,1.71%
2020/11/17,"7,933.13","8,044.21","8,044.21","7,838.90",,-1.77%
2020/11/18,"7,972.21","7,940.06","7,986.66","7,885.91",,0.49%
2020/11/19,"7,903.37","7,946.25","7,946.25","7,799.56",,-0.86%
2020/11/20,"7,997.52","7,975.98","8,038.46","7,949.21",,1.19%
2020/11/23,"8,088.86","8,100.09","8,105.54","8,038.79",,1.14%
2020/11/24,"8,107.10","8,186.20","8,186.20","8,044.51",,0.23%
2020/11/25,"7,921.35","8,131.23","8,159.03","7,869.31",,-2.29%
2020/11/26,"8,057.14","7,983.53","8,057.14","7,936.82",,1.71%
2020/11/27,"8,090.05","8,075.11","8,139.55","8,042.46",,0.41%
2020/11/30,"8,019.36","8,095.44","8,143.40","7,993.32",,-0.87%
2020/12/1,"7,985.36","8,041.66","8,049.23","7,941.87",,-0.42%
2020/12/2,"7,848.25","7,998.06","7,998.06","7,820.79",,-1.72%
2020/12/3,"7,940.19","7,895.37","7,942.15","7,869.10",,1.17%
2020/12/4,"7,952.80","7,969.58","8,012.79","7,928.56",,0.16%
2020/12/7,"7,944.79","7,974.95","8,011.29","7,847.39",,-0.10%
2020/12/8,"8,085.11","7,939.81","8,136.73","7,916.24",,1.77%
2020/12/9,"8,101.77","8,144.80","8,206.08","8,066.77",,0.21%
2020/12/10,"8,025.83","8,004.56","8,044.07","7,955.62",,-0.94%
2020/12/11,"8,080.60","8,123.04","8,143.59","8,037.63",,0.68%
2020/12/14,"8,128.81","8,056.27","8,156.09","8,005.06",,0.60%
2020/12/15,"8,094.42","8,149.85","8,149.85","8,028.90",,-0.42%
2020/12/16,"8,146.40","8,158.80","8,173.26","8,085.68",,0.64%
2020/12/17,"8,332.66","8,205.81","8,332.66","8,186.12",,2.29%
2020/12/18,"8,253.83","8,324.89","8,345.77","8,221.54",,-0.95%
2020/12/21,"8,159.95","8,243.12","8,277.37","8,159.95",,-1.14%
2020/12/22,"8,186.66","8,164.53","8,253.32","8,091.29",,0.33%
2020/12/23,"8,426.07","8,207.80","8,480.35","8,204.42",,2.92%
2020/12/24,"8,142.81","8,348.44","8,352.80","8,122.62",,-3.36%
2020/12/28,"7,795.78","8,063.45","8,070.26","7,768.81",,-4.26%
2020/12/29,"7,997.83","7,908.69","8,072.71","7,908.69",,2.59%
2020/12/30,"8,295.37","8,078.28","8,311.50","8,078.28",,3.72%
2020/12/31,"8,425.90","8,332.26","8,445.60","8,332.01",,1.57%
2021/1/4,"8,489.69","8,376.85","8,544.87","8,360.83",,0.76%
2021/1/5,"8,463.55","8,422.18","8,504.65","8,385.74",,-0.31%
2021/1/6,"8,609.60","8,574.37","8,699.84","8,510.40",,1.73%
2021/1/7,"8,400.85","8,559.09","8,559.09","8,301.00",,-2.42%
2021/1/8,"8,630.32","8,450.05","8,694.40","8,450.05",,2.73%
2021/1/11,"8,665.47","8,730.59","8,839.76","8,614.55",,0.41%
2021/1/12,"8,726.64","8,685.24","8,758.24","8,619.41",,0.71%
2021/1/13,"8,669.71","8,781.51","8,813.34","8,600.12",,-0.65%
2021/1/14,"8,895.21","8,774.84","8,901.83","8,711.66",,2.60%
2021/1/15,"8,775.54","8,814.55","8,818.39","8,640.52",,-1.35%
2021/1/18,"9,116.24","8,715.32","9,122.71","8,688.63",,3.88%
2021/1/19,"9,374.79","9,228.15","9,526.28","9,228.15",,2.84%
2021/1/20,"9,885.22","9,493.74","9,885.22","9,474.55",,5.44%
2021/1/21,"9,809.84","9,915.87","9,981.71","9,736.29",,-0.76%
2021/1/22,"9,765.76","9,811.68","9,952.94","9,707.08",,-0.45%
2021/1/25,"10,206.61","9,841.33","10,228.70","9,841.33",,4.51%
2021/1/26,"9,967.45","10,142.51","10,279.96","9,843.29",,-2.34%
2021/1/27,"9,807.73","10,055.50","10,057.24","9,603.17",,-1.60%
2021/1/28,"9,372.88","9,564.89","9,791.85","9,339.48",,-4.43%
2021/1/29,"9,358.11","9,543.20","9,709.45","9,283.93",,-0.16%
2021/2/1,"9,765.89","9,438.36","9,792.88","9,385.43",,4.36%
2021/2/2,"9,976.44","9,987.00","10,096.40","9,951.12",,2.16%
2021/2/3,"10,125.72","10,056.56","10,137.86","9,907.63",,1.50%
2021/2/4,"9,897.37","10,034.24","10,042.80","9,678.40",,-2.26%
2021/2/5,"9,795.16","9,935.47","9,996.24","9,770.24",,-1.03%
2021/2/8,"9,756.81","9,930.31","9,947.75","9,727.46",,-0.39%
2021/2/9,"9,961.71","9,810.07","9,970.91","9,780.07",,2.10%
2021/2/10,"10,214.73","10,100.71","10,219.76","10,021.70",,2.54%
2021/2/11,"10,411.20","10,219.06","10,411.20","10,094.85",,1.92%
2021/2/16,"10,694.68","10,620.97","10,785.98","10,585.65",,2.72%
2021/2/17,"10,945.22","10,658.24","10,945.22","10,555.63",,2.34%
2021/2/18,"10,591.53","10,964.67","11,001.78","10,565.40",,-3.23%
2021/2/19,"10,560.97","10,517.13","10,560.97","10,214.36",,-0.29%
2021/2/22,"9,977.41","10,686.39","10,686.39","9,977.41",,-5.53%
2021/2/23,"9,863.82","9,786.09","10,000.12","9,637.21",,-1.14%
2021/2/24,"9,360.95","9,931.55","9,988.84","9,201.58",,-5.10%
2021/2/25,"9,496.79","9,606.37","9,665.98","9,380.89",,1.45%
2021/2/26,"8,954.44","9,052.15","9,184.17","8,937.09",,-5.71%
2021/3/1,"9,298.79","9,209.95","9,312.06","9,130.98",,3.85%
2021/3/2,"9,257.99","9,570.95","9,629.89","9,221.54",,-0.44%
2021/3/3,"9,366.51","9,282.48","9,368.76","9,117.00",,1.17%
2021/3/4,"8,819.62","9,149.65","9,150.36","8,807.47",,-5.84%
2021/3/5,"8,634.22","8,500.51","8,774.20","8,384.91",,-2.10%
2021/3/8,"8,081.63","8,736.53","8,748.88","8,023.24",,-6.40%
2021/3/9,"8,063.12","8,029.83","8,324.10","7,706.83",,-0.23%
2021/3/10,"8,216.58","8,526.69","8,526.69","8,174.61",,1.90%
2021/3/11,"8,640.16","8,232.88","8,652.11","8,219.81",,5.16%
2021/3/12,"8,456.43","8,836.77","8,894.41","8,449.29",,-2.13%
2021/3/15,"8,264.42","8,549.04","8,607.84","8,171.97",,-2.27%
2021/3/16,"8,530.82","8,405.94","8,549.58","8,405.94",,3.22%
2021/3/17,"8,574.04","8,523.48","8,643.75","8,402.95",,0.51%
2021/3/18,"8,676.33","8,689.32","8,819.38","8,643.42",,1.19%
2021/3/19,"8,551.32","8,516.42","8,597.79","8,387.79",,-1.44%
2021/3/22,"8,508.85","8,529.34","8,646.10","8,441.96",,-0.50%
2021/3/23,"8,295.42","8,580.99","8,584.66","8,223.00",,-2.51%
2021/3/24,"8,040.99","8,283.70","8,328.41","7,981.65",,-3.07%
2021/3/25,"7,944.80","7,812.59","7,995.82","7,642.57",,-1.20%
2021/3/26,"8,129.63","7,985.26","8,206.02","7,955.34",,2.33%
2021/3/29,"7,981.07","8,110.96","8,160.82","7,906.57",,-1.83%
2021/3/30,"8,180.32","8,077.65","8,239.15","8,045.83",,2.50%
2021/3/31,"8,183.80","8,283.46","8,343.46","8,151.33",,0.04%
2021/4/1,"8,569.64","8,336.00","8,569.73","8,308.08",,4.71%
2021/4/7,"8,451.85","8,650.50","8,669.17","8,421.21",,-1.37%
2021/4/8,"8,458.11","8,375.56","8,524.03","8,338.03",,0.07%
2021/4/9,"8,305.93","8,503.03","8,503.03","8,246.54",,-1.80%
2021/4/12,"8,169.50","8,365.23","8,374.97","8,137.17",,-1.64%
2021/4/13,"8,038.81","8,175.37","8,233.38","8,018.65",,-1.60%
2021/4/14,"8,225.67","8,191.80","8,293.81","8,176.63",,2.32%
2021/4/15,"8,142.92","8,212.39","8,212.39","8,023.97",,-1.01%
2021/4/16,"8,232.13","8,135.42","8,250.13","8,117.83",,1.10%
2021/4/19,"8,346.39","8,206.45","8,406.12","8,145.27",,1.39%
2021/4/20,"8,311.69","8,272.34","8,354.44","8,249.22",,-0.42%
2021/4/21,"8,185.00","8,161.73","8,222.84","8,113.46",,-1.52%
2021/4/22,"8,279.74","8,263.03","8,314.54","8,200.21",,1.16%
2021/4/23,"8,467.75","8,312.99","8,506.39","8,299.72",,2.27%
2021/4/26,"8,485.24","8,527.83","8,612.36","8,461.70",,0.21%
2021/4/27,"8,516.45","8,486.64","8,571.05","8,418.32",,0.37%
2021/4/28,"8,532.76","8,531.36","8,565.31","8,487.53",,0.19%
2021/4/29,"8,500.13","8,585.77","8,599.89","8,468.40",,-0.38%
2021/4/30,"8,313.18","8,435.37","8,440.30","8,300.33",,-2.20%
2021/5/3,"8,227.89","8,314.65","8,323.99","8,188.44",,-1.03%
2021/5/4,"8,284.12","8,231.32","8,295.95","8,187.80",,0.68%
2021/5/5,"8,107.90","8,180.23","8,240.29","8,096.39",,-2.13%
2021/5/6,"8,136.87","8,164.63","8,232.76","8,065.80",,0.36%
2021/5/7,"7,954.82","8,158.71","8,158.71","7,934.46",,-2.24%
2021/5/10,"7,886.02","7,987.35","8,045.17","7,841.34",,-0.86%
2021/5/11,"7,649.68","7,673.06","7,673.06","7,533.21",,-3.00%
2021/5/12,"7,861.18","7,755.31","7,868.98","7,723.66",,2.76%
2021/5/13,"7,599.62","7,699.22","7,738.78","7,597.26",,-3.33%
2021/5/14,"7,565.31","7,548.11","7,590.53","7,433.44",,-0.45%
2021/5/17,"7,699.96","7,628.91","7,738.08","7,602.06",,1.78%
2021/5/18,"7,817.69","7,764.25","7,825.64","7,741.87",,1.53%
2021/5/20,"7,915.72","7,810.78","7,939.08","7,795.83",,1.25%
2021/5/21,"8,025.31","8,016.44","8,048.64","7,945.27",,1.38%
2021/5/24,"7,876.61","7,961.23","7,998.24","7,800.37",,-1.85%
2021/5/25,"8,004.37","7,884.97","8,024.63","7,846.99",,1.62%
2021/5/26,"8,072.46","8,044.39","8,092.55","7,993.66",,0.85%
2021/5/27,"8,123.88","8,082.33","8,132.89","8,033.36",,0.64%
2021/5/28,"7,957.63","8,135.72","8,136.36","7,942.25",,-2.05%
2021/5/31,"8,104.35","8,036.81","8,105.52","7,991.08",,1.84%
2021/6/1,"8,305.74","8,141.80","8,311.71","8,132.19",,2.48%
2021/6/2,"8,235.10","8,338.03","8,338.03","8,201.54",,-0.85%
2021/6/3,"8,164.34","8,227.63","8,316.21","8,140.48",,-0.86%
2021/6/4,"8,095.64","8,080.00","8,195.37","8,059.76",,-0.84%
2021/6/7,"8,042.73","8,106.01","8,120.51","7,988.96",,-0.65%
2021/6/8,"7,981.01","8,079.96","8,100.21","7,935.76",,-0.77%
2021/6/9,"7,972.09","7,970.55","8,009.22","7,926.25",,-0.11%
2021/6/10,"7,969.17","7,991.27","8,048.20","7,933.71",,-0.04%
2021/6/11,"7,991.12","8,017.11","8,065.26","7,958.83",,0.28%
2021/6/15,"7,961.02","8,036.32","8,038.70","7,850.64",,-0.38%
2021/6/16,"7,830.67","7,922.42","7,931.53","7,816.77",,-1.64%
2021/6/17,"7,901.52","7,776.48","7,901.52","7,747.45",,0.90%
2021/6/18,"8,041.45","7,991.03","8,075.46","7,973.41",,1.77%
2021/6/21,"7,955.95","7,955.06","7,992.79","7,885.41",,-1.06%
2021/6/22,"7,812.23","7,961.52","7,961.52","7,808.26",,-1.81%
2021/6/23,"8,020.23","7,868.36","8,030.90","7,836.94",,2.66%
2021/6/24,"8,039.76","8,045.78","8,080.01","8,004.00",,0.24%
2021/6/25,"8,235.63","8,105.22","8,243.81","8,095.30",,2.44%
2021/6/28,"8,276.63","8,284.50","8,316.61","8,231.20",,0.50%
2021/6/29,"8,201.05","8,299.52","8,330.92","8,168.09",,-0.91%
2021/6/30,"8,155.37","8,249.78","8,260.28","8,145.77",,-0.56%
2021/7/2,"7,892.40","8,137.63","8,137.63","7,856.77",,-3.22%
2021/7/5,"7,712.19","7,832.43","7,842.10","7,665.73",,-2.28%
2021/7/6,"7,646.94","7,700.96","7,709.41","7,570.70",,-0.85%
2021/7/7,"7,603.77","7,555.25","7,608.42","7,499.80",,-0.56%
2021/7/8,"7,321.98","7,548.54","7,559.80","7,301.85",,-3.71%
2021/7/9,"7,429.49","7,295.50","7,450.48","7,152.11",,1.47%
2021/7/12,"7,514.15","7,520.26","7,555.22","7,410.21",,1.14%
2021/7/13,"7,659.59","7,554.72","7,721.17","7,524.66",,1.94%
2021/7/14,"7,667.56","7,677.74","7,706.21","7,642.65",,0.10%
2021/7/15,"7,661.25","7,670.52","7,705.10","7,634.88",,-0.08%
2021/7/16,"7,614.35","7,639.31","7,675.81","7,583.68",,-0.61%
2021/7/19,"7,431.99","7,509.75","7,511.47","7,408.19",,-2.39%
2021/7/20,"7,337.55","7,403.79","7,465.83","7,274.06",,-1.27%
2021/7/21,"7,327.70","7,380.33","7,404.26","7,277.52",,-0.13%
2021/7/22,"7,490.13","7,417.24","7,490.13","7,405.44",,2.22%
2021/7/23,"7,268.14","7,495.42","7,495.42","7,233.42",,-2.96%
2021/7/26,"6,790.96","7,038.32","7,038.32","6,752.62",,-6.57%
2021/7/27,"6,249.65","6,667.97","6,773.97","6,118.10",,-7.97%
2021/7/28,"6,443.31","6,397.65","6,493.05","6,204.56",,3.10%
2021/7/29,"6,958.77","6,827.16","6,958.77","6,736.90",,8.00%
2021/7/30,"6,780.97","6,824.84","6,824.84","6,614.99",,-2.56%
2021/8/2,"6,796.25","6,791.01","6,821.60","6,672.20",,0.23%
2021/8/3,"6,696.66","6,838.76","6,838.76","6,557.67",,-1.47%
2021/8/4,"6,859.40","6,645.89","6,932.31","6,610.04",,2.43%
2021/8/5,"6,715.33","6,835.52","6,914.53","6,680.42",,-2.10%
2021/8/6,"6,697.10","6,755.31","6,755.31","6,644.74",,-0.27%
2021/8/9,"6,664.91","6,609.65","6,749.90","6,558.23",,-0.48%
2021/8/10,"6,830.15","6,773.14","6,837.15","6,682.62",,2.48%
2021/8/11,"6,820.68","6,798.28","6,884.37","6,764.44",,-0.14%
2021/8/12,"6,719.19","6,804.51","6,825.77","6,680.94",,-1.49%
2021/8/13,"6,589.54","6,634.41","6,669.37","6,531.95",,-1.93%
2021/8/16,"6,420.14","6,562.40","6,562.40","6,389.74",,-2.57%
2021/8/17,"6,218.89","6,367.53","6,393.18","6,180.97",,-3.13%
2021/8/18,"6,226.69","6,242.54","6,298.71","6,193.32",,0.13%
2021/8/19,"6,044.03","6,209.67","6,259.03","6,012.44",,-2.93%
2021/8/20,"5,895.06","6,020.96","6,021.90","5,769.65",,-2.46%
2021/8/23,"6,021.27","6,010.78","6,158.63","5,990.78",,2.14%
2021/8/24,"6,446.18","6,171.40","6,446.18","6,171.01",,7.06%
2021/8/25,"6,458.97","6,609.64","6,671.20","6,410.07",,0.20%
2021/8/26,"6,337.03","6,492.16","6,492.16","6,268.70",,-1.89%
2021/8/27,"6,322.28","6,336.68","6,460.35","6,282.02",,-0.23%
2021/8/30,"6,391.17","6,327.87","6,416.95","6,287.59",,1.09%
2021/8/31,"6,607.78","6,401.96","6,607.78","6,297.45",,3.39%
2021/9/1,"6,693.66","6,633.47","6,759.26","6,584.32",,1.30%
2021/9/2,"6,801.47","6,824.57","6,907.80","6,747.02",,1.61%
2021/9/3,"6,728.84","6,778.13","6,778.13","6,669.79",,-1.07%
2021/9/6,"6,778.49","6,687.53","6,780.16","6,669.47",,0.74%
2021/9/7,"6,887.94","6,814.06","6,933.33","6,812.59",,1.61%
2021/9/8,"6,871.28","6,930.72","6,958.01","6,807.11",,-0.24%
2021/9/9,"6,560.39","6,732.15","6,740.81","6,545.34",,-4.52%
2021/9/10,"6,748.36","6,618.74","6,749.60","6,618.74",,2.87%
2021/9/13,"6,595.03","6,648.44","6,648.44","6,498.60",,-2.27%
2021/9/14,"6,502.35","6,621.27","6,631.16","6,457.14",,-1.41%
2021/9/15,"6,298.09","6,425.22","6,433.48","6,282.82",,-3.14%
2021/9/16,"6,232.93","6,303.82","6,342.91","6,161.18",,-1.03%
2021/9/17,"6,452.19","6,240.24","6,462.64","6,214.06",,3.52%
2021/9/20,"6,271.37","6,379.63","6,379.63","6,156.93",,-2.80%
2021/9/21,"6,242.61","6,147.52","6,272.61","6,124.65",,-0.46%
2021/9/23,"6,300.49","6,369.07","6,440.99","6,247.32",,0.93%
2021/9/24,"6,159.96","6,289.86","6,317.54","6,129.89",,-2.23%
2021/9/27,"6,103.89","6,148.61","6,236.89","6,078.66",,-0.91%
2021/9/28,"6,231.55","6,150.98","6,272.47","6,129.13",,2.09%
2021/9/29,"6,179.43","6,111.29","6,179.43","6,016.25",,-0.84%
2021/9/30,"6,101.52","6,057.50","6,146.34","6,035.75",,-1.26%
2021/10/4,"5,973.80","6,054.19","6,071.09","5,936.81",,-2.09%
2021/10/5,"5,955.22","5,852.97","5,970.05","5,824.60",,-0.31%
2021/10/6,"5,866.15","5,998.92","6,009.03","5,855.22",,-1.50%
2021/10/7,"6,172.04","5,987.70","6,189.27","5,975.23",,5.21%
2021/10/8,"6,206.77","6,301.87","6,301.87","6,134.75",,0.56%
2021/10/11,"6,403.69","6,303.67","6,448.16","6,303.67",,3.17%
2021/10/12,"6,199.75","6,270.39","6,317.78","6,179.36",,-3.18%
2021/10/15,"6,318.91","6,282.22","6,318.91","6,223.04",,1.92%
2021/10/18,"6,324.27","6,346.49","6,346.49","6,206.04",,0.08%
2021/10/19,"6,518.59","6,349.32","6,521.01","6,334.29",,3.07%
2021/10/20,"6,691.33","6,612.97","6,735.20","6,612.94",,2.65%
2021/10/21,"6,636.18","6,704.99","6,713.93","6,555.14",,-0.82%
2021/10/22,"6,754.34","6,673.86","6,784.89","6,666.01",,1.78%
2021/10/25,"6,744.74","6,722.50","6,794.80","6,685.84",,-0.14%
2021/10/26,"6,654.19","6,749.35","6,770.79","6,616.45",,-1.34%
2021/10/27,"6,441.62","6,532.77","6,532.77","6,395.62",,-3.19%
2021/10/28,"6,445.17","6,484.06","6,540.83","6,409.00",,0.06%
2021/10/29,"6,375.85","6,424.23","6,442.69","6,362.01",,-1.08%
2021/11/1,"6,279.39","6,339.81","6,339.81","6,236.14",,-1.51%
2021/11/2,"6,314.31","6,463.03","6,532.05","6,287.79",,0.56%
2021/11/3,"6,273.44","6,309.58","6,343.64","6,189.94",,-0.65%
2021/11/4,"6,375.32","6,322.65","6,383.19","6,313.69",,1.62%
2021/11/5,"6,276.52","6,295.68","6,353.68","6,244.66",,-1.55%
2021/11/8,"6,193.98","6,238.31","6,239.69","6,164.09",,-1.32%
2021/11/9,"6,221.85","6,240.55","6,260.78","6,151.64",,0.45%
2021/11/10,"6,349.94","6,209.09","6,355.50","6,152.22",,2.06%
2021/11/11,"6,464.53","6,281.34","6,504.59","6,272.93",,1.80%
2021/11/12,"6,565.53","6,576.31","6,604.10","6,495.25",,1.56%
2021/11/15,"6,601.15","6,603.57","6,642.87","6,564.11",,0.54%
2021/11/16,"6,712.31","6,612.39","6,724.95","6,588.83",,1.68%
2021/11/17,"6,672.28","6,672.32","6,683.52","6,601.91",,-0.60%
2021/11/18,"6,474.55","6,546.19","6,546.75","6,448.35",,-2.96%
2021/11/19,"6,457.97","6,371.12","6,457.97","6,341.95",,-0.26%
2021/11/22,"6,410.89","6,456.97","6,460.13","6,380.03",,-0.73%
2021/11/23,"6,323.48","6,315.78","6,340.53","6,281.36",,-1.36%
2021/11/24,"6,292.16","6,317.25","6,369.53","6,269.61",,-0.50%
2021/11/25,"6,358.54","6,302.97","6,370.38","6,267.05",,1.05%
2021/11/26,"6,151.99","6,292.96","6,292.96","6,149.86",,-3.25%
2021/11/29,"6,099.35","6,098.72","6,221.93","6,071.83",,-0.86%
2021/11/30,"6,028.63","6,076.79","6,127.12","5,922.26",,-1.16%
2021/12/1,"6,058.80","6,036.58","6,117.35","6,011.06",,0.50%
2021/12/2,"6,017.56","5,986.14","6,044.63","5,961.03",,-0.68%
2021/12/3,"5,925.52","5,948.62","5,948.62","5,855.73",,-1.53%
2021/12/6,"5,727.49","5,773.63","5,835.55","5,710.19",,-3.34%
2021/12/7,"5,968.50","5,846.18","5,968.50","5,796.26",,4.21%
2021/12/8,"5,970.23","5,999.53","6,018.52","5,950.80",,0.03%
2021/12/9,"6,103.16","6,024.76","6,118.93","6,024.76",,2.23%
2021/12/10,"6,035.23","6,058.03","6,122.97","6,004.99",,-1.11%
2021/12/13,"6,022.23","6,089.33","6,160.95","6,019.73",,-0.22%
2021/12/14,"5,884.82","5,938.33","5,979.35","5,863.06",,-2.28%
2021/12/15,"5,795.44","5,863.61","5,904.96","5,757.09",,-1.52%
2021/12/16,"5,822.14","5,743.20","5,834.93","5,681.40",,0.46%
2021/12/17,"5,680.47","5,775.40","5,775.40","5,662.90",,-2.43%
2021/12/20,"5,498.49","5,644.12","5,687.60","5,474.31",,-3.20%
2021/12/21,"5,612.69","5,467.21","5,656.57","5,456.11",,2.08%
2021/12/22,"5,685.29","5,729.24","5,750.26","5,632.31",,1.29%
2021/12/23,"5,638.31","5,667.56","5,708.37","5,589.86",,-0.83%
2021/12/24,"5,619.39","5,692.18","5,693.69","5,614.74",,-0.34%
2021/12/28,"5,569.42","5,635.13","5,660.66","5,528.96",,-0.89%
2021/12/29,"5,471.87","5,559.33","5,559.80","5,455.47",,-1.75%
2021/12/30,"5,475.70","5,470.58","5,534.31","5,427.94",,0.07%
2021/12/31,"5,670.96","5,693.66","5,723.50","5,668.34",,3.57%
2022/1/3,"5,640.47","5,704.38","5,741.80","5,609.79",,-0.54%
2022/1/4,"5,581.90","5,665.89","5,678.69","5,550.56",,-1.04%
2022/1/5,"5,323.47","5,501.75","5,505.46","5,306.25",,-4.63%
2022/1/6,"5,396.65","5,285.43","5,410.44","5,230.94",,1.37%
2022/1/7,"5,503.91","5,470.06","5,517.49","5,399.22",,1.99%
2022/1/10,"5,625.50","5,499.95","5,643.25","5,460.70",,2.21%
2022/1/11,"5,619.67","5,597.18","5,664.76","5,564.64",,-0.10%
2022/1/12,"5,899.82","5,750.01","5,902.24","5,750.01",,4.99%
2022/1/13,"5,796.78","5,920.51","5,923.45","5,750.24",,-1.75%
2022/1/14,"5,769.05","5,649.35","5,769.05","5,606.30",,-0.48%
2022/1/17,"5,724.50","5,752.41","5,778.48","5,678.19",,-0.77%
2022/1/18,"5,698.54","5,749.82","5,834.81","5,677.01",,-0.45%
2022/1/19,"5,642.91","5,716.16","5,750.48","5,612.36",,-0.98%
2022/1/20,"5,896.71","5,692.56","5,902.63","5,652.66",,4.50%
2022/1/21,"5,870.57","5,840.58","5,908.29","5,789.56",,-0.44%
2022/1/24,"5,703.63","5,749.70","5,760.65","5,688.93",,-2.84%
2022/1/25,"5,552.68","5,592.17","5,638.12","5,490.94",,-2.65%
2022/1/26,"5,597.03","5,581.67","5,665.59","5,526.26",,0.80%
2022/1/27,"5,383.63","5,471.50","5,485.77","5,322.15",,-3.81%
2022/1/28,"5,291.70","5,360.71","5,373.83","5,228.19",,-1.71%
2022/1/31,"5,416.29","5,332.84","5,450.47","5,304.62",,2.35%
2022/2/4,"5,581.63","5,555.18","5,591.66","5,463.49",,3.05%
2022/2/7,"5,529.51","5,583.00","5,591.34","5,451.68",,-0.93%
2022/2/8,"5,436.92","5,497.32","5,503.40","5,387.09",,-1.67%
2022/2/9,"5,635.50","5,559.83","5,648.36","5,559.83",,3.65%
2022/2/10,"5,666.99","5,721.07","5,726.59","5,579.84",,0.56%
2022/2/11,"5,597.05","5,619.98","5,665.52","5,536.20",,-1.23%
2022/2/14,"5,502.18","5,499.94","5,536.33","5,451.81",,-1.70%
2022/2/15,"5,490.28","5,464.63","5,549.66","5,460.10",,-0.22%
2022/2/16,"5,616.38","5,597.02","5,626.48","5,572.77",,2.30%
2022/2/17,"5,662.28","5,608.52","5,676.45","5,576.31",,0.82%
2022/2/18,"5,479.90","5,611.48","5,664.61","5,446.92",,-3.22%
2022/2/21,"5,327.44","5,395.85","5,459.28","5,298.32",,-2.78%
2022/2/22,"5,226.70","5,207.50","5,269.30","5,160.34",,-1.89%
2022/2/23,"5,299.24","5,234.98","5,325.61","5,200.68",,1.39%
2022/2/24,"5,069.79","5,163.46","5,210.72","5,015.99",,-4.33%
2022/2/25,"5,112.62","5,157.11","5,209.67","5,107.35",,0.84%
2022/2/28,"5,118.02","5,134.83","5,144.02","5,028.61",,0.11%
2022/3/1,"5,155.69","5,136.66","5,190.18","5,100.91",,0.74%
2022/3/2,"5,015.74","5,131.28","5,162.07","5,007.11",,-2.71%
2022/3/3,"4,957.61","5,025.97","5,052.16","4,933.19",,-1.16%
2022/3/4,"4,737.93","4,763.47","4,803.80","4,718.51",,-4.43%
2022/3/7,"4,527.83","4,568.66","4,613.66","4,455.17",,-4.43%
2022/3/8,"4,382.32","4,515.12","4,579.12","4,367.79",,-3.21%
2022/3/9,"4,393.91","4,431.96","4,471.21","4,233.00",,0.26%
2022/3/10,"4,436.65","4,553.79","4,586.42","4,385.19",,0.97%
2022/3/11,"4,246.97","4,229.75","4,320.20","4,040.32",,-4.28%
2022/3/14,"3,778.60","4,073.27","4,073.27","3,749.90",,-11.03%
2022/3/15,"3,472.42","3,569.09","3,841.87","3,463.44",,-8.10%
2022/3/16,"4,243.39","3,689.86","4,247.54","3,608.91",,22.20%
2022/3/17,"4,572.79","4,705.18","4,735.01","4,405.93",,7.76%
2022/3/18,"4,484.93","4,442.71","4,547.76","4,300.88",,-1.92%
2022/3/21,"4,416.33","4,631.51","4,631.51","4,370.11",,-1.53%
2022/3/22,"4,653.70","4,440.63","4,660.39","4,423.63",,5.37%
2022/3/23,"4,749.12","4,753.59","4,883.76","4,710.96",,2.05%
2022/3/24,"4,609.02","4,722.12","4,752.70","4,581.33",,-2.95%
2022/3/25,"4,379.33","4,550.94","4,634.92","4,333.99",,-4.98%
2022/3/28,"4,494.01","4,380.77","4,550.83","4,301.62",,2.62%
2022/3/29,"4,607.09","4,537.06","4,611.37","4,520.10",,2.52%
2022/3/30,"4,622.57","4,685.52","4,713.32","4,578.03",,0.34%
2022/3/31,"4,557.99","4,645.45","4,645.45","4,514.61",,-1.40%
2022/4/1,"4,524.25","4,420.86","4,524.25","4,379.43",,-0.74%
2022/4/4,"4,769.99","4,606.19","4,773.69","4,606.19",,5.43%
2022/4/6,"4,587.73","4,638.08","4,648.96","4,568.08",,-3.82%
2022/4/7,"4,474.13","4,519.06","4,652.87","4,470.85",,-2.48%
2022/4/8,"4,422.74","4,419.93","4,448.93","4,338.98",,-1.15%
2022/4/11,"4,191.03","4,365.71","4,365.71","4,169.65",,-5.24%
2022/4/12,"4,249.59","4,246.92","4,315.06","4,119.72",,1.40%
2022/4/13,"4,268.91","4,213.07","4,317.42","4,186.76",,0.45%
2022/4/14,"4,320.10","4,314.95","4,344.74","4,276.52",,1.20%
2022/4/19,"4,156.42","4,215.98","4,247.04","4,140.37",,-3.79%
2022/4/20,"4,134.04","4,149.60","4,227.24","4,121.28",,-0.54%
2022/4/21,"3,990.08","4,054.04","4,088.92","3,946.62",,-3.48%
2022/4/22,"4,001.08","3,864.43","4,026.73","3,847.02",,0.28%
2022/4/25,"3,806.19","3,885.68","3,927.52","3,780.07",,-4.87%
2022/4/26,"3,915.27","3,884.85","4,028.24","3,884.85",,2.87%
2022/4/27,"3,981.14","3,865.45","4,010.34","3,846.90",,1.68%
2022/4/28,"4,066.89","4,041.69","4,073.87","3,960.94",,2.15%
2022/4/29,"4,471.75","4,053.99","4,515.73","4,032.58",,9.96%
2022/5/3,"4,409.93","4,379.76","4,489.50","4,266.70",,-1.38%
2022/5/4,"4,264.91","4,370.05","4,375.40","4,239.39",,-3.29%
2022/5/5,"4,258.88","4,353.86","4,382.82","4,251.05",,-0.14%
2022/5/6,"4,036.26","4,098.85","4,114.23","4,023.01",,-5.23%
2022/5/10,"3,906.43","3,796.93","3,946.26","3,755.89",,-3.22%
2022/5/11,"4,019.28","3,872.67","4,141.88","3,864.22",,2.89%
2022/5/12,"3,864.95","3,917.92","3,995.37","3,854.92",,-3.84%
2022/5/13,"4,038.97","3,952.22","4,046.42","3,949.00",,4.50%
2022/5/16,"4,039.36","4,134.58","4,158.94","3,997.25",,0.01%
2022/5/17,"4,272.95","4,130.09","4,287.70","4,121.40",,5.78%
2022/5/18,"4,260.37","4,265.55","4,286.74","4,173.91",,-0.29%
2022/5/19,"4,090.72","4,077.38","4,143.75","4,043.16",,-3.98%
2022/5/20,"4,284.42","4,220.73","4,304.95","4,201.80",,4.74%
2022/5/23,"4,177.65","4,243.12","4,264.23","4,142.39",,-2.49%
2022/5/24,"4,032.34","4,140.70","4,194.97","4,001.61",,-3.48%
2022/5/25,"4,043.69","4,015.37","4,090.63","3,992.21",,0.28%
2022/5/26,"4,033.79","4,063.05","4,063.05","3,961.26",,-0.24%
2022/5/27,"4,186.95","4,213.23","4,232.66","4,135.35",,3.80%
2022/5/30,"4,352.02","4,257.67","4,352.02","4,250.95",,3.94%
2022/5/31,"4,483.60","4,350.57","4,505.18","4,325.26",,3.02%
2022/6/1,"4,433.38","4,456.29","4,485.75","4,373.37",,-1.12%
2022/6/2,"4,397.74","4,355.90","4,421.73","4,327.89",,-0.80%
2022/6/6,"4,601.95","4,471.36","4,619.65","4,420.20",,4.64%
2022/6/7,"4,599.48","4,579.50","4,672.38","4,531.98",,-0.05%
2022/6/8,"4,818.36","4,697.41","4,831.14","4,696.69",,4.76%
2022/6/9,"4,749.57","4,883.67","4,903.90","4,683.01",,-1.43%
2022/6/10,"4,826.42","4,628.20","4,843.17","4,604.66",,1.62%
2022/6/13,"4,598.65","4,630.92","4,721.65","4,575.93",,-4.72%
2022/6/14,"4,595.74","4,504.59","4,650.08","4,468.36",,-0.06%
2022/6/15,"4,703.72","4,653.61","4,744.38","4,653.61",,2.35%
2022/6/16,"4,547.22","4,764.45","4,781.43","4,503.30",,-3.33%
2022/6/17,"4,653.36","4,493.71","4,671.36","4,492.68",,2.33%
2022/6/20,"4,657.37","4,625.93","4,673.01","4,537.66",,0.09%
2022/6/21,"4,760.14","4,677.10","4,766.03","4,632.11",,2.21%
2022/6/22,"4,552.33","4,737.49","4,756.00","4,552.33",,-4.37%
2022/6/23,"4,655.91","4,608.18","4,692.79","4,553.88",,2.28%
2022/6/24,"4,844.58","4,724.53","4,864.47","4,720.23",,4.05%
2022/6/27,"5,072.89","4,906.36","5,128.06","4,906.36",,4.71%
2022/6/28,"5,103.89","5,027.50","5,137.77","4,924.22",,0.61%
2022/6/29,"4,937.23","4,987.51","5,066.63","4,876.22",,-3.27%
2022/6/30,"4,870.30","4,903.15","4,964.36","4,810.34",,-1.36%
2022/7/4,"4,884.18","4,851.48","4,905.18","4,787.33",,0.28%
2022/7/5,"4,861.40","4,959.25","4,991.98","4,841.57",,-0.47%
2022/7/6,"4,801.75","4,868.24","4,904.78","4,703.90",,-1.23%
2022/7/7,"4,780.04","4,720.86","4,796.04","4,643.87",,-0.45%
2022/7/8,"4,808.47","4,868.37","4,882.92","4,778.40",,0.59%
2022/7/11,"4,622.92","4,736.94","4,736.94","4,588.58",,-3.86%
2022/7/12,"4,524.11","4,546.39","4,599.99","4,492.28",,-2.14%
2022/7/13,"4,547.10","4,558.24","4,630.52","4,533.67",,0.51%
2022/7/14,"4,587.73","4,564.58","4,638.63","4,531.42",,0.89%
2022/7/15,"4,440.11","4,507.40","4,557.25","4,422.41",,-3.22%
2022/7/18,"4,574.40","4,454.81","4,585.37","4,391.29",,3.02%
2022/7/19,"4,506.74","4,544.06","4,567.00","4,478.91",,-1.48%
2022/7/20,"4,576.86","4,599.84","4,633.07","4,575.24",,1.56%
2022/7/21,"4,582.36","4,567.56","4,633.87","4,548.39",,0.12%
2022/7/22,"4,597.64","4,640.00","4,664.23","4,565.87",,0.33%
2022/7/25,"4,534.34","4,562.04","4,565.21","4,479.99",,-1.38%
2022/7/26,"4,596.34","4,558.80","4,614.74","4,529.18",,1.37%
2022/7/27,"4,536.62","4,527.10","4,569.20","4,510.62",,-1.30%
2022/7/28,"4,552.54","4,558.05","4,600.49","4,539.93",,0.35%
2022/7/29,"4,331.19","4,561.53","4,562.62","4,297.33",,-4.86%
2022/8/1,"4,324.03","4,303.36","4,356.91","4,246.86",,-0.17%
2022/8/2,"4,194.04","4,242.00","4,242.00","4,119.96",,-3.01%
2022/8/3,"4,246.13","4,269.76","4,313.24","4,219.65",,1.24%
2022/8/4,"4,381.12","4,341.78","4,390.28","4,315.11",,3.18%
2022/8/5,"4,415.86","4,429.22","4,429.40","4,367.79",,0.79%
2022/8/8,"4,335.54","4,354.26","4,389.16","4,310.69",,-1.82%
2022/8/9,"4,295.24","4,326.54","4,371.16","4,264.81",,-0.93%
2022/8/10,"4,173.77","4,281.78","4,281.78","4,130.75",,-2.83%
2022/8/11,"4,326.85","4,244.46","4,326.85","4,233.19",,3.67%
2022/8/12,"4,350.07","4,357.47","4,365.12","4,302.65",,0.54%
2022/8/15,"4,308.31","4,310.36","4,394.62","4,300.07",,-0.96%
2022/8/16,"4,221.03","4,339.33","4,352.06","4,160.45",,-2.03%
2022/8/17,"4,238.90","4,262.89","4,281.12","4,186.66",,0.42%
2022/8/18,"4,192.64","4,249.91","4,249.91","4,165.24",,-1.09%
2022/8/19,"4,192.31","4,155.54","4,242.34","4,154.62",,-0.01%
2022/8/22,"4,152.04","4,133.36","4,196.68","4,125.73",,-0.96%
2022/8/23,"4,141.04","4,151.34","4,182.10","4,101.66",,-0.26%
2022/8/24,"4,026.45","4,145.94","4,148.08","4,012.51",,-2.77%
2022/8/25,"4,268.54","4,072.77","4,279.61","4,072.77",,6.01%
2022/8/26,"4,302.17","4,350.33","4,357.65","4,272.64",,0.79%
2022/8/29,"4,249.17","4,249.02","4,275.15","4,212.69",,-1.23%
2022/8/30,"4,227.43","4,259.30","4,259.30","4,123.69",,-0.51%
2022/8/31,"4,273.68","4,123.27","4,354.36","4,123.27",,1.09%
2022/9/1,"4,204.03","4,232.42","4,289.51","4,179.99",,-1.63%
2022/9/2,"4,143.53","4,204.34","4,230.45","4,116.74",,-1.44%
2022/9/5,"4,063.91","4,089.62","4,089.62","4,025.95",,-1.92%
2022/9/6,"4,066.83","4,081.27","4,101.60","4,019.75",,0.07%
2022/9/7,"4,014.01","3,988.26","4,029.55","3,957.09",,-1.30%
2022/9/8,"3,974.05","4,031.91","4,056.71","3,958.82",,-1.00%
2022/9/9,"4,077.32","3,979.51","4,090.94","3,968.79",,2.60%
2022/9/13,"4,069.29","4,104.60","4,111.11","4,060.35",,-0.20%
2022/9/14,"3,953.37","3,965.24","3,982.40","3,934.36",,-2.85%
2022/9/15,"3,963.31","3,939.94","3,980.81","3,935.00",,0.25%
2022/9/16,"3,858.46","3,911.31","3,937.29","3,858.17",,-2.65%
2022/9/19,"3,778.77","3,828.01","3,828.01","3,760.20",,-2.07%
2022/9/20,"3,853.98","3,829.10","3,884.82","3,829.10",,1.99%
2022/9/21,"3,737.32","3,815.11","3,815.11","3,733.82",,-3.03%
2022/9/22,"3,673.80","3,626.10","3,682.80","3,606.66",,-1.70%
2022/9/23,"3,589.63","3,652.48","3,668.02","3,589.52",,-2.29%
2022/9/26,"3,647.39","3,556.83","3,699.93","3,556.83",,1.61%
2022/9/27,"3,667.41","3,649.00","3,673.82","3,581.78",,0.55%
2022/9/28,"3,526.23","3,613.90","3,613.90","3,507.51",,-3.85%
2022/9/29,"3,482.52","3,612.59","3,618.91","3,439.60",,-1.24%
2022/9/30,"3,450.12","3,488.52","3,514.56","3,385.26",,-0.93%
2022/10/3,"3,427.13","3,423.37","3,497.26","3,393.90",,-0.67%
2022/10/5,"3,685.51","3,597.35","3,709.39","3,586.29",,7.54%
2022/10/6,"3,660.72","3,694.59","3,700.02","3,635.94",,-0.67%
2022/10/7,"3,539.87","3,608.88","3,610.46","3,536.61",,-3.30%
2022/10/10,"3,398.88","3,441.51","3,447.33","3,382.90",,-3.98%
2022/10/11,"3,278.24","3,374.65","3,385.43","3,261.57",,-3.55%
2022/10/12,"3,269.54","3,250.28","3,374.29","3,159.67",,-0.27%
2022/10/13,"3,157.75","3,260.37","3,279.15","3,155.52",,-3.42%
2022/10/14,"3,206.63","3,216.45","3,318.32","3,189.43",,1.55%
2022/10/17,"3,200.12","3,159.34","3,248.77","3,092.21",,-0.20%
2022/10/18,"3,336.25","3,266.05","3,344.05","3,217.08",,4.25%
2022/10/19,"3,196.58","3,308.93","3,313.34","3,194.73",,-4.19%
2022/10/20,"3,120.83","3,091.04","3,182.74","3,042.61",,-2.37%
2022/10/21,"3,101.37","3,149.37","3,164.32","3,093.74",,-0.62%
2022/10/24,"2,801.99","3,001.70","3,062.62","2,768.40",,-9.65%
2022/10/25,"2,884.79","2,835.19","2,973.28","2,720.38",,2.96%
2022/10/26,"2,956.41","2,863.73","3,023.87","2,854.10",,2.48%
2022/10/27,"2,989.18","3,083.97","3,094.81","2,978.61",,1.11%
2022/10/28,"2,822.92","2,977.91","2,977.91","2,797.41",,-5.56%
2022/10/31,"2,852.57","2,828.48","2,959.34","2,792.13",,1.05%
2022/11/1,"3,075.16","2,903.05","3,117.99","2,893.08",,7.80%
2022/11/2,"3,156.59","3,047.88","3,174.72","3,011.33",,2.65%
2022/11/3,"3,035.39","3,060.43","3,119.91","3,023.92",,-3.84%
2022/11/4,"3,264.23","3,077.12","3,366.30","3,077.12",,7.54%
2022/11/7,"3,396.64","3,205.11","3,455.10","3,189.79",,4.06%
2022/11/8,"3,343.76","3,399.08","3,419.07","3,314.51",,-1.56%
2022/11/9,"3,280.48","3,346.92","3,398.70","3,244.05",,-1.89%
2022/11/10,"3,172.76","3,202.02","3,209.83","3,159.00",,-3.28%
2022/11/11,"3,491.70","3,487.19","3,508.35","3,363.12",,10.05%
2022/11/14,"3,554.39","3,685.72","3,685.72","3,513.27",,1.80%
2022/11/15,"3,813.86","3,549.26","3,829.29","3,513.41",,7.30%
2022/11/16,"3,805.25","3,780.72","3,869.42","3,712.02",,-0.23%
2022/11/17,"3,721.61","3,730.33","3,761.79","3,591.14",,-2.20%
2022/11/18,"3,742.70","3,833.60","3,885.43","3,711.67",,0.57%
2022/11/21,"3,631.97","3,636.57","3,667.30","3,555.64",,-2.96%
2022/11/22,"3,515.37","3,609.66","3,641.55","3,487.87",,-3.21%
2022/11/23,"3,555.02","3,541.25","3,595.99","3,486.39",,1.13%
2022/11/24,"3,582.95","3,595.06","3,619.88","3,539.47",,0.79%
2022/11/25,"3,500.31","3,577.43","3,577.43","3,485.68",,-2.31%
2022/11/28,"3,432.86","3,343.27","3,451.94","3,313.73",,-1.93%
2022/11/29,"3,695.80","3,534.84","3,698.25","3,496.19",,7.66%
2022/11/30,"3,798.19","3,679.27","3,814.59","3,642.24",,2.77%
2022/12/1,"3,839.27","3,950.80","4,018.90","3,830.26",,1.08%
2022/12/2,"3,878.81","3,858.03","3,932.58","3,818.84",,1.03%
2022/12/5,"4,238.20","4,064.58","4,241.07","4,007.06",,9.27%
2022/12/6,"4,161.21","4,120.38","4,279.14","4,116.88",,-1.82%
2022/12/7,"4,004.31","4,153.90","4,316.84","3,990.76",,-3.77%
2022/12/8,"4,270.21","4,067.40","4,286.20","4,067.40",,6.64%
2022/12/9,"4,369.53","4,279.14","4,390.86","4,224.38",,2.33%
2022/12/12,"4,192.67","4,258.59","4,307.60","4,156.20",,-4.05%
2022/12/13,"4,223.20","4,167.70","4,279.56","4,160.17",,0.73%
2022/12/14,"4,237.66","4,269.27","4,289.49","4,162.17",,0.34%
2022/12/15,"4,136.42","4,225.64","4,235.97","4,118.62",,-2.39%
2022/12/16,"4,149.22","4,123.38","4,210.57","4,048.50",,0.31%
2022/12/19,"4,125.06","4,170.91","4,283.35","4,099.94",,-0.58%
2022/12/20,"3,996.36","4,057.24","4,078.48","3,945.61",,-3.12%
2022/12/21,"4,024.84","4,017.03","4,048.39","3,981.93",,0.71%
2022/12/22,"4,210.53","4,134.12","4,235.63","4,120.16",,4.61%
2022/12/23,"4,124.33","4,113.64","4,197.50","4,105.37",,-2.05%
2022/12/28,"4,212.44","4,165.23","4,263.34","4,165.23",,2.14%
2022/12/29,"4,107.43","4,119.40","4,158.15","4,074.33",,-2.49%
2022/12/30,"4,128.79","4,203.15","4,211.30","4,122.14",,0.52%
2023/1/3,"4,233.37","4,081.29","4,246.03","4,018.85",,2.53%
2023/1/4,"4,427.17","4,288.39","4,427.17","4,255.29",,4.58%
2023/1/5,"4,494.22","4,565.78","4,601.00","4,460.83",,1.51%
2023/1/6,"4,431.12","4,552.38","4,553.32","4,395.15",,-1.40%
2023/1/9,"4,570.72","4,497.42","4,583.81","4,468.35",,3.15%
2023/1/10,"4,558.58","4,545.12","4,574.07","4,491.58",,-0.27%
2023/1/11,"4,547.12","4,588.27","4,642.08","4,517.94",,-0.25%
2023/1/12,"4,487.07","4,574.46","4,598.36","4,420.88",,-1.32%
2023/1/13,"4,554.78","4,492.79","4,564.11","4,448.52",,1.51%
2023/1/16,"4,506.72","4,577.34","4,589.18","4,456.44",,-1.06%
2023/1/17,"4,500.54","4,493.50","4,567.33","4,444.64",,-0.14%
2023/1/18,"4,524.67","4,477.82","4,537.48","4,432.79",,0.54%
2023/1/19,"4,449.91","4,444.74","4,490.92","4,413.42",,-1.65%
2023/1/20,"4,568.79","4,487.51","4,577.66","4,485.33",,2.67%
2023/1/26,"4,763.61","4,662.35","4,763.61","4,659.24",,4.26%
2023/1/27,"4,813.23","4,786.67","4,825.59","4,762.27",,1.04%
2023/1/30,"4,580.22","4,774.34","4,784.45","4,557.74",,-4.84%
2023/1/31,"4,542.58","4,614.81","4,646.59","4,471.37",,-0.82%
2023/2/1,"4,695.70","4,572.90","4,695.70","4,530.68",,3.37%
2023/2/2,"4,696.55","4,763.32","4,804.85","4,687.52",,0.02%
2023/2/3,"4,634.19","4,654.74","4,694.24","4,584.69",,-1.33%
2023/2/6,"4,464.82","4,515.83","4,533.55","4,433.92",,-3.65%
2023/2/7,"4,516.31","4,485.97","4,578.67","4,478.58",,1.15%
2023/2/8,"4,431.58","4,496.99","4,530.58","4,409.08",,-1.88%
2023/2/9,"4,571.71","4,386.78","4,575.11","4,379.17",,3.16%
2023/2/10,"4,362.22","4,509.61","4,527.40","4,353.31",,-4.58%
2023/2/13,"4,374.90","4,287.53","4,395.22","4,265.21",,0.29%
2023/2/14,"4,330.60","4,395.85","4,397.43","4,327.60",,-1.01%
2023/2/15,"4,288.75","4,342.08","4,356.18","4,246.88",,-0.97%
2023/2/16,"4,367.10","4,328.19","4,474.15","4,319.61",,1.83%
2023/2/17,"4,257.63","4,359.49","4,403.88","4,254.33",,-2.51%
2023/2/20,"4,311.61","4,248.18","4,342.52","4,224.14",,1.27%
2023/2/21,"4,158.04","4,305.53","4,311.12","4,151.73",,-3.56%
2023/2/22,"4,100.58","4,116.53","4,162.04","4,072.38",,-1.38%
2023/2/23,"4,149.12","4,090.38","4,197.92","4,079.31",,1.18%
2023/2/24,"4,010.66","4,092.76","4,116.15","4,009.57",,-3.34%
2023/2/27,"3,989.83","3,962.54","4,043.42","3,947.39",,-0.52%
2023/2/28,"3,925.06","4,001.54","4,033.59","3,906.80",,-1.62%
2023/3/1,"4,185.62","3,939.23","4,207.14","3,939.23",,6.64%
2023/3/2,"4,126.31","4,102.27","4,152.55","4,097.52",,-1.42%
2023/3/3,"4,211.31","4,232.78","4,254.13","4,156.67",,2.06%
2023/3/6,"4,177.25","4,188.75","4,234.54","4,140.99",,-0.81%
2023/3/7,"4,122.60","4,175.43","4,253.97","4,080.41",,-1.31%
2023/3/8,"3,989.28","4,042.62","4,042.62","3,954.04",,-3.23%
2023/3/9,"3,930.94","3,988.32","4,007.13","3,930.94",,-1.46%
2023/3/10,"3,782.22","3,819.32","3,840.06","3,754.31",,-3.78%
2023/3/13,"3,891.48","3,832.17","3,958.69","3,828.27",,2.89%
2023/3/14,"3,790.62","3,871.84","3,913.14","3,765.19",,-2.59%
2023/3/15,"3,866.26","3,876.08","3,939.65","3,839.55",,2.00%
2023/3/16,"3,811.81","3,804.69","3,896.20","3,785.73",,-1.41%
2023/3/17,"3,979.80","3,904.43","3,991.28","3,879.63",,4.41%
2023/3/20,"3,870.27","3,965.79","3,973.83","3,821.51",,-2.75%
2023/3/21,"3,965.17","3,911.79","3,980.55","3,870.78",,2.45%
2023/3/22,"4,009.13","4,012.63","4,072.60","3,992.78",,1.11%
2023/3/23,"4,198.99","4,010.85","4,202.77","3,990.55",,4.74%
2023/3/24,"4,224.85","4,182.93","4,293.35","4,171.28",,0.62%
2023/3/27,"4,105.69","4,209.71","4,209.71","4,081.00",,-2.82%
2023/3/28,"4,144.12","4,136.67","4,176.55","4,089.92",,0.94%
2023/3/29,"4,246.35","4,316.60","4,341.13","4,232.35",,2.47%
2023/3/30,"4,270.32","4,278.02","4,310.61","4,198.73",,0.56%
2023/3/31,"4,303.71","4,356.89","4,360.77","4,278.04",,0.78%
2023/4/3,"4,302.52","4,279.53","4,314.80","4,233.85",,-0.03%
2023/4/4,"4,233.42","4,278.80","4,278.80","4,185.52",,-1.61%
2023/4/6,"4,237.63","4,168.31","4,241.30","4,157.12",,0.10%
2023/4/11,"4,248.14","4,276.91","4,309.98","4,178.29",,0.25%
2023/4/12,"4,166.77","4,240.20","4,247.83","4,143.10",,-1.92%
2023/4/13,"4,159.85","4,075.12","4,159.85","4,054.23",,-0.17%
2023/4/14,"4,164.03","4,170.78","4,196.16","4,114.62",,0.10%
2023/4/17,"4,254.01","4,138.50","4,281.95","4,124.24",,2.16%
2023/4/18,"4,202.67","4,228.41","4,242.10","4,180.76",,-1.21%
2023/4/19,"4,102.02","4,202.32","4,202.32","4,086.07",,-2.39%
2023/4/20,"4,098.35","4,098.37","4,120.57","4,081.62",,-0.09%
2023/4/21,"3,969.94","4,070.64","4,079.60","3,944.45",,-3.13%
2023/4/24,"3,961.17","3,972.71","4,008.20","3,901.52",,-0.22%
2023/4/25,"3,824.09","3,939.09","3,939.09","3,785.22",,-3.46%
2023/4/26,"3,872.01","3,797.36","3,922.77","3,795.37",,1.25%
2023/4/27,"3,861.98","3,850.03","3,869.82","3,820.18",,-0.26%
2023/4/28,"3,901.52","3,887.97","3,957.65","3,884.58",,1.02%
2023/5/2,"3,898.59","3,968.87","4,016.54","3,863.86",,-0.08%
2023/5/3,"3,835.06","3,837.92","3,851.45","3,785.00",,-1.63%
2023/5/4,"3,856.00","3,851.72","3,895.46","3,827.63",,0.55%
2023/5/5,"3,895.53","3,910.71","3,948.28","3,883.20",,1.03%
2023/5/8,"3,914.34","3,908.80","3,943.58","3,885.24",,0.48%
2023/5/9,"3,798.70","3,916.91","3,916.91","3,790.57",,-2.95%
2023/5/10,"3,811.66","3,805.60","3,829.21","3,760.57",,0.34%
2023/5/11,"3,862.85","3,868.90","3,886.91","3,801.67",,1.34%
2023/5/12,"3,874.11","3,928.93","3,933.05","3,859.85",,0.29%
2023/5/15,"3,925.50","3,847.93","3,955.58","3,829.09",,1.33%
2023/5/16,"3,958.25","3,990.85","3,993.05","3,935.16",,0.83%
2023/5/17,"3,870.09","3,975.20","3,977.27","3,859.15",,-2.23%
2023/5/18,"3,917.09","3,911.70","3,957.68","3,896.60",,1.21%
2023/5/19,"3,821.73","3,868.30","3,872.17","3,810.10",,-2.43%
2023/5/22,"3,903.58","3,836.60","3,942.63","3,821.81",,2.14%
2023/5/23,"3,852.45","3,924.48","3,947.79","3,840.69",,-1.31%
2023/5/24,"3,775.93","3,813.79","3,827.51","3,762.13",,-1.99%
2023/5/25,"3,691.16","3,747.29","3,768.22","3,651.21",,-2.25%
2023/5/29,"3,647.26","3,735.81","3,751.16","3,639.90",,-1.19%
2023/5/30,"3,702.13","3,667.76","3,709.86","3,621.72",,1.50%
2023/5/31,"3,626.73","3,656.46","3,656.46","3,563.99",,-2.04%
2023/6/1,"3,630.87","3,617.57","3,723.34","3,611.29",,0.11%
2023/6/2,"3,824.28","3,727.17","3,843.89","3,724.82",,5.33%
2023/6/5,"3,840.77","3,814.52","3,852.59","3,785.55",,0.43%
2023/6/6,"3,834.34","3,847.50","3,908.98","3,810.80",,-0.17%
2023/6/7,"3,921.02","3,923.57","3,946.97","3,892.05",,2.26%
2023/6/8,"3,894.30","3,907.60","3,914.13","3,850.49",,-0.68%
2023/6/9,"3,934.22","3,915.95","3,949.71","3,865.57",,1.03%
2023/6/12,"3,944.67","3,949.34","3,957.61","3,895.71",,0.27%
2023/6/13,"4,038.20","3,943.79","4,059.79","3,937.85",,2.37%
2023/6/14,"4,052.69","4,058.42","4,117.16","4,033.76",,0.36%
2023/6/15,"4,198.32","4,128.66","4,199.19","4,104.38",,3.59%
2023/6/16,"4,233.49","4,218.90","4,271.28","4,182.73",,0.84%
2023/6/19,"4,178.25","4,205.11","4,220.51","4,110.64",,-1.30%
2023/6/20,"4,075.17","4,168.84","4,175.88","4,050.50",,-2.47%
2023/6/21,"3,961.58","3,986.52","4,016.67","3,950.66",,-2.79%
2023/6/23,"3,879.33","3,944.81","3,944.81","3,847.03",,-2.08%
2023/6/26,"3,872.61","3,864.16","3,922.10","3,849.90",,-0.17%
2023/6/27,"3,972.17","3,889.34","3,992.84","3,886.63",,2.57%
2023/6/28,"4,001.97","3,967.29","4,019.51","3,918.97",,0.75%
2023/6/29,"3,933.44","3,995.81","4,000.01","3,901.49",,-1.71%
2023/6/30,"3,911.31","3,920.82","3,946.53","3,888.11",,-0.56%
2023/7/3,"4,054.35","3,942.62","4,072.98","3,942.62",,3.66%
2023/7/4,"4,074.42","4,037.24","4,096.53","4,014.25",,0.50%
2023/7/5,"4,016.53","4,064.18","4,088.44","3,998.08",,-1.42%
2023/7/6,"3,948.82","3,977.15","4,050.70","3,908.62",,-1.69%
2023/7/7,"3,901.21","3,915.60","3,950.35","3,851.82",,-1.21%
2023/7/10,"3,945.11","4,004.99","4,025.53","3,919.03",,1.13%
2023/7/11,"4,003.05","4,011.82","4,045.41","3,975.21",,1.47%
2023/7/12,"4,081.37","4,048.73","4,115.45","4,035.77",,1.96%
2023/7/13,"4,237.09","4,183.47","4,239.84","4,176.03",,3.82%
2023/7/14,"4,228.71","4,280.46","4,280.46","4,200.67",,-0.20%
2023/7/18,"4,129.29","4,202.40","4,202.40","4,119.49",,-2.35%
2023/7/19,"4,114.97","4,064.70","4,130.27","4,023.90",,-0.35%
2023/7/20,"4,063.74","4,132.32","4,175.40","4,051.03",,-1.24%
2023/7/21,"4,104.36","4,068.09","4,143.41","4,047.31",,1.00%
2023/7/24,"4,015.08","4,041.43","4,089.98","3,989.34",,-2.18%
2023/7/25,"4,257.58","4,191.53","4,263.82","4,169.77",,6.04%
2023/7/26,"4,218.83","4,212.77","4,230.06","4,180.19",,-0.91%
2023/7/27,"4,341.19","4,296.23","4,357.52","4,287.40",,2.90%
2023/7/28,"4,466.57","4,278.65","4,481.41","4,272.16",,2.89%
2023/7/31,"4,549.95","4,625.61","4,688.69","4,530.48",,1.87%
2023/8/1,"4,538.10","4,599.84","4,661.38","4,505.26",,-0.26%
2023/8/2,"4,388.77","4,508.85","4,540.52","4,366.14",,-3.29%
2023/8/3,"4,406.44","4,383.01","4,459.37","4,367.74",,0.40%
2023/8/4,"4,497.31","4,511.22","4,556.96","4,444.18",,2.06%
2023/8/7,"4,499.43","4,459.16","4,509.89","4,413.77",,0.05%
2023/8/8,"4,374.20","4,414.35","4,438.93","4,361.44",,-2.78%
2023/8/9,"4,373.71","4,310.59","4,383.13","4,302.39",,-0.01%
2023/8/10,"4,378.04","4,337.68","4,392.20","4,297.86",,0.10%
2023/8/11,"4,273.19","4,386.43","4,386.43","4,261.65",,-2.39%
2023/8/14,"4,208.43","4,157.98","4,215.03","4,123.46",,-1.52%
2023/8/15,"4,179.13","4,170.09","4,229.11","4,156.42",,-0.70%
2023/8/16,"4,126.13","4,126.57","4,180.19","4,114.25",,-1.27%
2023/8/17,"4,158.28","4,049.27","4,189.46","4,023.75",,0.78%
2023/8/18,"4,007.39","4,110.85","4,135.90","4,002.09",,-3.63%
2023/8/21,"3,923.16","3,951.17","4,014.00","3,911.65",,-2.10%
2023/8/22,"4,000.92","3,956.41","4,049.86","3,910.30",,1.98%
2023/8/23,"4,008.86","3,989.86","4,049.09","3,950.67",,0.20%
2023/8/24,"4,158.02","4,057.07","4,175.26","4,046.99",,3.72%
2023/8/25,"4,058.95","4,087.11","4,109.40","4,054.98",,-2.38%
2023/8/28,"4,127.54","4,257.21","4,268.26","4,118.57",,1.69%
2023/8/29,"4,234.43","4,170.47","4,254.26","4,153.13",,2.59%
2023/8/30,"4,195.41","4,299.73","4,315.59","4,175.17",,-0.92%
2023/8/31,"4,179.49","4,240.07","4,269.67","4,154.95",,-0.38%
2023/9/4,"4,305.02","4,257.60","4,309.87","4,236.96",,3.00%
2023/9/5,"4,193.45","4,286.28","4,286.28","4,184.72",,-2.59%
2023/9/6,"4,176.84","4,167.77","4,187.30","4,116.76",,-0.40%
2023/9/7,"4,091.65","4,179.95","4,179.95","4,082.29",,-2.04%
2023/9/11,"4,083.14","3,997.62","4,107.09","3,983.93",,-0.21%
2023/9/12,"4,063.96","4,058.24","4,111.48","4,031.35",,-0.47%
2023/9/13,"4,041.19","4,082.26","4,093.64","4,024.17",,-0.56%
2023/9/14,"4,059.15","4,065.08","4,089.68","4,028.42",,0.44%
2023/9/15,"4,077.91","4,081.47","4,128.48","4,028.75",,0.46%
2023/9/18,"3,987.35","4,040.57","4,062.41","3,987.35",,-2.22%
2023/9/19,"3,984.79","3,993.65","3,999.45","3,942.28",,-0.06%
2023/9/20,"3,921.83","3,963.66","3,966.01","3,903.63",,-1.58%
2023/9/21,"3,849.27","3,887.64","3,893.75","3,827.18",,-1.85%
2023/9/22,"3,991.33","3,821.31","3,997.33","3,821.31",,3.69%
2023/9/25,"3,882.90","3,976.02","3,976.02","3,873.99",,-2.72%
2023/9/26,"3,817.27","3,866.42","3,878.96","3,794.21",,-1.69%
2023/9/27,"3,833.87","3,823.81","3,884.18","3,821.12",,0.43%
2023/9/28,"3,778.12","3,831.32","3,845.06","3,760.13",,-1.45%
2023/9/29,"3,920.59","3,821.55","3,954.89","3,811.56",,3.77%
2023/10/3,"3,817.52","3,858.66","3,858.66","3,788.63",,-2.63%
2023/10/4,"3,752.42","3,796.17","3,796.84","3,732.33",,-1.71%
2023/10/5,"3,757.82","3,784.72","3,806.80","3,751.99",,0.14%
2023/10/6,"3,816.15","3,795.16","3,848.75","3,791.78",,1.55%
2023/10/9,"3,825.48","3,807.06","3,859.85","3,799.79",,0.24%
2023/10/10,"3,874.67","3,864.33","3,936.80","3,864.33",,1.29%
2023/10/11,"3,952.50","3,960.67","3,985.20","3,935.80",,2.01%
2023/10/12,"4,019.05","4,038.54","4,038.54","4,005.26",,1.68%
2023/10/13,"3,879.84","3,908.83","3,938.42","3,870.11",,-3.46%
2023/10/16,"3,811.68","3,875.47","3,887.14","3,794.04",,-1.76%
2023/10/17,"3,836.05","3,855.48","3,856.36","3,808.43",,0.64%
2023/10/18,"3,771.92","3,818.85","3,821.98","3,766.63",,-1.67%
2023/10/19,"3,700.15","3,709.98","3,731.52","3,692.22",,-1.90%
2023/10/20,"3,662.15","3,667.30","3,710.06","3,658.92",,-1.03%
2023/10/24,"3,622.86","3,660.80","3,674.46","3,586.50",,-1.07%
2023/10/25,"3,700.94","3,786.83","3,802.39","3,671.09",,2.16%
2023/10/26,"3,712.55","3,699.67","3,738.98","3,665.31",,0.31%
2023/10/27,"3,806.10","3,739.81","3,830.38","3,722.65",,2.52%
2023/10/30,"3,854.31","3,763.20","3,854.31","3,763.20",,1.27%
2023/10/31,"3,759.16","3,829.23","3,829.23","3,746.81",,-2.47%
2023/11/1,"3,752.37","3,762.02","3,780.15","3,711.60",,-0.18%
2023/11/2,"3,813.42","3,813.20","3,878.05","3,793.55",,1.63%
2023/11/3,"3,937.37","3,865.86","3,949.75","3,839.98",,3.25%
2023/11/6,"4,098.58","4,025.88","4,109.63","4,025.88",,4.09%
2023/11/7,"4,055.84","4,052.97","4,098.76","4,033.41",,-1.04%
2023/11/8,"4,020.84","4,045.74","4,091.47","4,006.29",,-0.86%
2023/11/9,"4,024.24","4,037.74","4,075.03","4,004.71",,0.08%
2023/11/10,"3,892.44","3,944.23","3,953.45","3,885.93",,-3.28%
2023/11/13,"3,981.27","3,915.74","3,989.76","3,894.84",,2.28%
2023/11/14,"3,951.75","4,004.87","4,010.06","3,935.25",,-0.74%
2023/11/15,"4,125.87","4,078.78","4,125.87","4,036.39",,4.41%
2023/11/16,"4,049.72","4,169.70","4,169.70","4,009.64",,-1.85%
2023/11/17,"3,980.15","3,983.68","4,015.45","3,951.92",,-1.72%
2023/11/20,"4,077.58","4,030.11","4,083.03","3,999.51",,2.45%
2023/11/21,"4,037.07","4,137.24","4,157.51","4,019.44",,-0.99%
2023/11/22,"4,029.82","4,034.47","4,071.31","4,006.62",,-0.18%
2023/11/23,"4,117.12","4,038.24","4,122.38","4,021.16",,2.17%
2023/11/24,"4,024.83","4,085.35","4,085.35","4,018.41",,-2.24%
2023/11/27,"4,031.66","4,063.69","4,063.69","3,972.03",,0.17%
2023/11/28,"4,000.42","4,035.51","4,045.47","3,978.14",,-0.77%
2023/11/29,"3,910.24","4,004.96","4,004.96","3,884.03",,-2.25%
2023/11/30,"3,899.64","3,904.16","3,914.62","3,850.30",,-0.27%
2023/12/1,"3,830.92","3,885.26","3,886.03","3,818.94",,-1.76%
2023/12/4,"3,759.72","3,842.68","3,842.68","3,745.60",,-1.86%
2023/12/5,"3,682.67","3,744.05","3,744.05","3,647.42",,-2.05%
2023/12/6,"3,747.58","3,691.07","3,777.56","3,668.18",,1.76%
2023/12/7,"3,720.21","3,719.76","3,732.69","3,671.15",,-0.73%
2023/12/8,"3,705.93","3,720.06","3,751.81","3,674.49",,-0.38%
2023/12/11,"3,666.51","3,657.29","3,690.17","3,603.52",,-1.06%
2023/12/12,"3,730.25","3,686.25","3,746.68","3,666.16",,1.74%
2023/12/13,"3,686.21","3,703.49","3,711.11","3,658.31",,-1.18%
2023/12/14,"3,698.57","3,733.04","3,771.40","3,673.40",,0.34%
2023/12/15,"3,780.69","3,750.26","3,841.38","3,749.11",,2.22%
2023/12/18,"3,730.66","3,748.42","3,763.03","3,711.69",,-1.32%
2023/12/19,"3,707.76","3,712.22","3,730.88","3,674.77",,-0.61%
2023/12/20,"3,726.50","3,758.24","3,768.85","3,713.04",,0.51%
2023/12/21,"3,710.22","3,679.13","3,722.15","3,662.72",,-0.44%
2023/12/22,"3,548.05","3,745.31","3,773.15","3,527.45",,-4.37%
2023/12/27,"3,639.76","3,641.18","3,651.68","3,597.56",,2.58%
2023/12/28,"3,763.90","3,647.17","3,800.25","3,640.94",,3.41%
2023/12/29,"3,764.29","3,778.02","3,792.22","3,725.30",,0.01%
2024/1/2,"3,714.77","3,803.44","3,808.23","3,694.21",,-1.32%
2024/1/3,"3,646.39","3,657.96","3,661.04","3,623.03",,-1.84%
2024/1/4,"3,654.94","3,665.15","3,666.42","3,616.47",,0.23%
2024/1/5,"3,592.33","3,627.15","3,662.20","3,572.28",,-1.71%
2024/1/8,"3,484.75","3,589.35","3,589.35","3,467.22",,-2.99%
2024/1/9,"3,454.50","3,496.62","3,539.58","3,451.77",,-0.87%
2024/1/10,"3,428.20","3,444.34","3,476.86","3,407.08",,-0.76%
2024/1/11,"3,503.02","3,434.42","3,540.57","3,428.99",,2.18%
2024/1/12,"3,470.64","3,476.86","3,530.24","3,454.61",,-0.92%
2024/1/15,"3,404.00","3,459.51","3,459.51","3,380.59",,-1.92%
2024/1/16,"3,325.93","3,369.60","3,413.37","3,310.17",,-2.29%
2024/1/17,"3,160.00","3,294.31","3,294.31","3,130.22",,-4.99%
2024/1/18,"3,176.08","3,167.40","3,201.15","3,123.27",,0.51%
2024/1/19,"3,129.92","3,171.01","3,209.88","3,101.61",,-1.45%
2024/1/22,"3,035.47","3,144.87","3,156.19","2,994.07",,-3.02%
2024/1/23,"3,147.81","3,062.22","3,192.83","3,047.04",,3.70%
2024/1/24,"3,281.16","3,235.10","3,303.72","3,150.10",,4.24%
2024/1/25,"3,310.69","3,282.02","3,324.36","3,220.02",,0.90%
2024/1/26,"3,186.49","3,284.66","3,284.66","3,175.16",,-3.75%
2024/1/29,"3,203.59","3,212.25","3,256.08","3,179.87",,0.54%
2024/1/30,"3,098.87","3,150.24","3,160.30","3,086.48",,-3.27%
2024/1/31,"3,005.80","3,090.45","3,106.50","2,984.90",,-3.00%
2024/2/1,"3,065.95","3,029.81","3,128.40","3,011.06",,2.00%
2024/2/2,"3,043.90","3,137.01","3,165.80","3,015.98",,-0.72%
2024/2/5,"3,038.84","2,990.29","3,095.43","2,987.68",,-0.17%
2024/2/6,"3,243.81","3,050.53","3,253.99","3,050.53",,6.75%
2024/2/7,"3,190.68","3,269.13","3,320.86","3,172.02",,-1.64%
2024/2/8,"3,168.55","3,179.11","3,223.17","3,148.38",,-0.69%
2024/2/9,"3,127.22","3,125.37","3,130.47","3,072.76",,-1.30%
2024/2/14,"3,197.87","3,074.87","3,205.66","3,052.62",,2.26%
2024/2/15,"3,223.10","3,184.07","3,239.70","3,156.14",,0.79%
2024/2/16,"3,342.73","3,231.28","3,357.50","3,205.51",,3.71%
2024/2/19,"3,253.09","3,320.13","3,320.13","3,236.95",,-2.68%
2024/2/20,"3,264.40","3,275.64","3,283.20","3,201.99",,0.35%
2024/2/21,"3,351.22","3,240.26","3,421.13","3,221.56",,2.66%
2024/2/22,"3,410.02","3,346.69","3,410.02","3,315.68",,1.75%
2024/2/23,"3,399.84","3,386.22","3,444.28","3,363.06",,-0.30%
2024/2/26,"3,393.29","3,381.35","3,425.81","3,374.36",,-0.19%
2024/2/27,"3,503.17","3,428.89","3,510.57","3,366.26",,3.24%
2024/2/28,"3,426.61","3,527.83","3,547.16","3,420.99",,-2.19%
2024/2/29,"3,431.30","3,390.88","3,468.73","3,390.88",,0.14%
2024/3/1,"3,488.13","3,396.36","3,496.17","3,387.27",,1.66%
2024/3/4,"3,474.77","3,491.32","3,503.62","3,433.14",,-0.38%
2024/3/5,"3,323.89","3,381.88","3,401.93","3,317.12",,-4.34%
2024/3/6,"3,412.57","3,320.58","3,454.29","3,320.58",,2.67%
2024/3/7,"3,359.34","3,428.32","3,449.74","3,323.52",,-1.56%
2024/3/8,"3,385.58","3,360.96","3,427.77","3,360.96",,0.78%
2024/3/11,"3,482.29","3,407.11","3,485.81","3,407.11",,2.86%
2024/3/12,"3,643.91","3,525.98","3,657.40","3,501.75",,4.64%
2024/3/13,"3,656.30","3,650.75","3,704.06","3,640.33",,0.34%
2024/3/14,"3,603.83","3,668.56","3,692.29","3,574.48",,-1.44%
2024/3/15,"3,549.84","3,534.14","3,550.19","3,487.71",,-1.50%
2024/3/18,"3,594.22","3,535.49","3,609.80","3,522.92",,1.25%
2024/3/19,"3,528.47","3,554.15","3,571.23","3,514.30",,-1.83%
2024/3/20,"3,551.42","3,538.65","3,569.97","3,493.75",,0.65%
2024/3/21,"3,582.90","3,609.64","3,647.01","3,572.37",,0.89%
2024/3/22,"3,455.88","3,527.30","3,531.71","3,424.00",,-3.55%
2024/3/25,"3,437.20","3,469.30","3,486.44","3,421.80",,-0.54%
2024/3/26,"3,471.49","3,468.62","3,499.15","3,428.88",,1.00%
2024/3/27,"3,393.43","3,437.61","3,443.88","3,380.95",,-2.25%
2024/3/28,"3,477.55","3,403.95","3,543.21","3,403.95",,2.48%
2024/4/2,"3,543.12","3,558.92","3,577.39","3,525.09",,1.89%
2024/4/3,"3,460.87","3,543.75","3,543.75","3,450.01",,-2.32%
2024/4/5,"3,450.89","3,464.55","3,476.47","3,381.03",,-0.29%
2024/4/8,"3,444.61","3,427.68","3,492.47","3,413.12",,-0.18%
2024/4/9,"3,478.24","3,461.42","3,510.58","3,454.19",,0.98%
2024/4/10,"3,552.01","3,514.39","3,587.29","3,511.17",,2.12%
2024/4/11,"3,538.39","3,480.30","3,553.46","3,480.30",,-0.38%
2024/4/12,"3,474.47","3,523.71","3,549.31","3,472.43",,-1.81%
2024/4/15,"3,442.49","3,408.05","3,452.60","3,392.27",,-0.92%
2024/4/16,"3,337.85","3,377.33","3,399.06","3,318.94",,-3.04%
2024/4/17,"3,340.22","3,340.71","3,374.51","3,306.29",,0.07%
2024/4/18,"3,356.82","3,333.75","3,391.45","3,301.86",,0.50%
2024/4/19,"3,278.06","3,308.77","3,308.77","3,233.76",,-2.35%
2024/4/22,"3,336.35","3,318.19","3,374.11","3,292.95",,1.78%
2024/4/23,"3,449.10","3,394.36","3,456.89","3,376.36",,3.38%
2024/4/24,"3,573.59","3,495.13","3,577.58","3,474.89",,3.61%
2024/4/25,"3,554.30","3,556.41","3,616.17","3,526.88",,-0.54%
2024/4/26,"3,718.27","3,568.44","3,738.18","3,568.44",,4.61%
2024/4/29,"3,713.32","3,728.66","3,805.88","3,706.18",,-0.13%
2024/4/30,"3,700.67","3,744.19","3,760.98","3,681.91",,-0.34%
2024/5/2,"3,865.48","3,700.23","3,870.24","3,683.62",,4.45%
2024/5/3,"3,971.29","4,009.96","4,023.43","3,922.86",,2.74%
2024/5/6,"4,007.78","3,982.25","4,021.69","3,952.86",,0.92%
2024/5/7,"3,922.54","4,002.76","4,005.32","3,909.93",,-2.13%
2024/5/8,"3,872.01","3,921.10","3,962.63","3,859.55",,-1.29%
2024/5/9,"3,947.41","3,874.44","3,955.97","3,868.67",,1.95%
2024/5/10,"3,962.32","3,975.75","4,002.66","3,899.83",,0.38%
2024/5/13,"4,018.69","3,925.19","4,031.09","3,906.36",,1.42%
2024/5/14,"4,041.45","4,072.89","4,111.56","4,038.68",,0.57%
2024/5/16,"4,072.15","4,091.59","4,097.82","4,024.42",,0.76%
2024/5/17,"4,112.59","4,135.36","4,162.51","4,073.61",,0.99%
2024/5/20,"4,135.38","4,124.36","4,155.87","4,111.51",,0.55%
2024/5/21,"3,980.63","4,079.11","4,087.81","3,963.82",,-3.74%
2024/5/22,"3,992.59","3,987.62","4,036.70","3,957.18",,0.30%
2024/5/23,"3,896.19","3,972.81","3,972.81","3,882.45",,-2.41%
2024/5/24,"3,799.47","3,865.17","3,890.37","3,780.16",,-2.48%
2024/5/27,"3,864.48","3,801.72","3,876.44","3,751.13",,1.71%
2024/5/28,"3,854.57","3,868.15","3,921.20","3,839.03",,-0.26%
2024/5/29,"3,765.24","3,821.11","3,823.96","3,747.54",,-2.32%
2024/5/30,"3,752.76","3,752.11","3,809.28","3,735.63",,-0.33%
2024/5/31,"3,690.76","3,814.42","3,847.12","3,684.85",,-1.65%
2024/6/3,"3,784.04","3,744.43","3,820.06","3,740.46",,2.53%
2024/6/4,"3,796.17","3,756.14","3,813.27","3,756.14",,0.32%
2024/6/5,"3,807.73","3,797.23","3,867.64","3,786.23",,0.30%
2024/6/6,"3,840.66","3,859.91","3,886.31","3,813.28",,0.86%
2024/6/7,"3,772.47","3,855.81","3,855.81","3,755.79",,-1.78%
2024/6/11,"3,755.42","3,723.44","3,772.83","3,696.64",,-0.45%
2024/6/12,"3,691.28","3,724.16","3,747.85","3,682.51",,-1.71%
2024/6/13,"3,739.14","3,743.45","3,755.36","3,696.78",,1.30%
2024/6/14,"3,707.62","3,726.97","3,735.10","3,697.13",,-0.84%
2024/6/17,"3,709.35","3,686.11","3,739.72","3,666.04",,0.05%
2024/6/18,"3,697.21","3,718.85","3,751.66","3,682.05",,-0.33%
2024/6/19,"3,832.32","3,736.26","3,835.05","3,728.75",,3.65%
2024/6/20,"3,767.88","3,838.32","3,838.32","3,753.25",,-1.68%
2024/6/21,"3,701.40","3,720.72","3,734.62","3,674.31",,-1.76%
2024/6/24,"3,677.51","3,671.57","3,678.56","3,619.76",,-0.65%
2024/6/25,"3,655.46","3,689.43","3,701.59","3,624.48",,-0.60%
2024/6/26,"3,689.68","3,639.75","3,709.21","3,634.27",,0.94%
2024/6/27,"3,588.86","3,666.50","3,668.67","3,580.68",,-2.73%
2024/6/28,"3,554.45","3,546.70","3,614.55","3,546.70",,-0.96%
2024/7/2,"3,539.13","3,538.13","3,596.20","3,521.50",,-0.43%
2024/7/3,"3,626.93","3,564.64","3,638.23","3,553.24",,2.48%
2024/7/4,"3,649.67","3,692.42","3,710.87","3,634.59",,0.63%
2024/7/5,"3,596.80","3,649.82","3,666.80","3,577.29",,-1.45%
2024/7/8,"3,566.63","3,589.70","3,621.36","3,545.76",,-0.84%
2024/7/9,"3,600.90","3,562.73","3,624.56","3,539.60",,0.96%
2024/7/10,"3,600.49","3,639.26","3,679.96","3,596.58",,-0.01%
2024/7/11,"3,696.49","3,637.70","3,703.70","3,633.46",,2.67%
2024/7/12,"3,782.08","3,746.43","3,787.33","3,736.31",,2.32%
2024/7/15,"3,672.58","3,736.34","3,747.86","3,661.10",,-2.90%
2024/7/16,"3,622.84","3,626.02","3,641.16","3,600.35",,-1.35%
2024/7/17,"3,640.88","3,638.92","3,678.67","3,617.08",,0.50%
2024/7/18,"3,613.13","3,598.75","3,640.12","3,571.76",,-0.76%
2024/7/19,"3,536.54","3,571.22","3,589.28","3,527.52",,-2.12%
2024/7/22,"3,610.71","3,550.52","3,625.80","3,532.28",,2.10%
2024/7/23,"3,545.09","3,634.67","3,639.61","3,537.28",,-1.82%
2024/7/24,"3,491.20","3,539.90","3,561.64","3,469.42",,-1.52%
2024/7/25,"3,421.26","3,461.91","3,467.24","3,408.05",,-2.00%
2024/7/26,"3,443.73","3,443.65","3,476.47","3,410.75",,0.66%
2024/7/29,"3,466.60","3,491.95","3,509.46","3,455.01",,0.66%
2024/7/30,"3,414.04","3,464.69","3,464.69","3,401.82",,-1.52%
2024/7/31,"3,516.87","3,419.78","3,535.14","3,411.49",,3.01%
2024/8/1,"3,476.58","3,503.51","3,518.85","3,461.80",,-1.15%
2024/8/2,"3,385.60","3,417.50","3,435.91","3,356.80",,-2.62%
2024/8/5,"3,339.42","3,333.70","3,426.32","3,272.06",,-1.36%
2024/8/6,"3,342.52","3,392.21","3,409.60","3,322.30",,0.09%
2024/8/7,"3,382.42","3,361.60","3,419.36","3,346.18",,1.19%
2024/8/8,"3,366.68","3,346.91","3,422.30","3,317.85",,-0.47%
2024/8/9,"3,436.80","3,436.69","3,483.23","3,429.05",,2.08%
2024/8/12,"3,429.84","3,438.01","3,448.67","3,392.70",,-0.20%
2024/8/13,"3,429.69","3,428.85","3,453.13","3,399.01",,-0.00%
2024/8/14,"3,395.70","3,447.65","3,453.13","3,384.28",,-0.99%
2024/8/15,"3,384.38","3,371.90","3,434.14","3,347.21",,-0.33%
2024/8/16,"3,459.09","3,437.54","3,469.42","3,416.76",,2.21%
2024/8/19,"3,517.09","3,516.36","3,563.68","3,511.14",,1.68%
2024/8/20,"3,498.08","3,556.74","3,556.74","3,484.92",,-0.54%
2024/8/21,"3,434.39","3,401.96","3,437.84","3,378.65",,-1.82%
2024/8/22,"3,508.61","3,490.29","3,513.66","3,436.98",,2.16%
2024/8/23,"3,468.94","3,451.18","3,474.96","3,435.28",,-1.13%
2024/8/26,"3,502.96","3,490.43","3,522.48","3,479.40",,0.98%
2024/8/27,"3,501.29","3,455.61","3,501.70","3,438.76",,-0.05%
2024/8/28,"3,445.46","3,478.90","3,488.30","3,425.73",,-1.59%
2024/8/29,"3,461.22","3,388.70","3,467.11","3,365.47",,0.46%
2024/8/30,"3,560.61","3,476.13","3,614.68","3,470.22",,2.87%
2024/9/2,"3,486.40","3,539.86","3,539.86","3,477.95",,-2.08%
2024/9/3,"3,496.49","3,486.02","3,534.69","3,472.02",,0.29%
2024/9/4,"3,482.84","3,467.45","3,496.40","3,439.94",,-0.39%
2024/9/5,"3,487.80","3,479.47","3,505.65","3,461.11",,0.14%
2024/9/9,"3,436.75","3,450.98","3,454.45","3,410.82",,-1.46%
2024/9/10,"3,450.73","3,448.75","3,467.59","3,403.55",,0.41%
2024/9/11,"3,450.92","3,416.76","3,457.00","3,416.76",,0.01%
2024/9/12,"3,475.25","3,479.79","3,508.06","3,473.66",,0.71%
2024/9/13,"3,479.80","3,477.38","3,528.77","3,475.52",,0.13%
2024/9/16,"3,497.45","3,454.69","3,497.45","3,422.82",,0.51%
2024/9/17,"3,536.57","3,482.67","3,545.31","3,472.90",,1.12%
2024/9/19,"3,651.56","3,539.08","3,669.72","3,528.21",,3.25%
2024/9/20,"3,703.84","3,649.32","3,744.31","3,638.47",,1.43%
2024/9/23,"3,698.27","3,699.23","3,761.17","3,688.69",,-0.15%
2024/9/24,"3,915.58","3,785.98","3,916.69","3,755.15",,5.88%
2024/9/25,"3,924.45","4,063.51","4,063.51","3,907.06",,0.23%
2024/9/26,"4,209.71","3,983.38","4,222.65","3,964.86",,7.27%
2024/9/27,"4,453.24","4,340.07","4,516.58","4,308.47",,5.78%
2024/9/30,"4,751.81","4,648.26","4,841.82","4,539.56",,6.70%
2024/10/2,"5,157.08","4,840.08","5,252.53","4,840.08",,8.53%
2024/10/3,"4,978.64","5,117.37","5,118.05","4,773.13",,-3.46%
2024/10/4,"5,227.13","4,941.96","5,233.98","4,885.22",,4.99%
2024/10/7,"5,386.48","5,298.43","5,451.53","5,236.09",,3.05%
2024/10/8,"4,695.81","5,293.05","5,293.05","4,611.45",,-12.82%
2024/10/9,"4,640.75","4,819.86","4,908.88","4,502.93",,-1.17%
2024/10/10,"4,736.10","4,772.82","4,862.17","4,675.69",,2.05%
2024/10/14,"4,668.18","4,702.61","4,723.73","4,512.14",,-1.43%
2024/10/15,"4,450.95","4,654.12","4,682.83","4,405.29",,-4.65%
2024/10/16,"4,402.37","4,391.14","4,482.95","4,368.95",,-1.09%
2024/10/17,"4,349.77","4,449.39","4,547.31","4,319.17",,-1.19%
2024/10/18,"4,600.85","4,337.24","4,661.64","4,329.92",,5.77%
2024/10/21,"4,491.90","4,580.65","4,637.44","4,483.22",,-2.37%
2024/10/22,"4,521.63","4,508.46","4,565.24","4,476.88",,0.66%
2024/10/23,"4,605.62","4,527.01","4,669.85","4,506.28",,1.86%
2024/10/24,"4,483.99","4,543.32","4,570.36","4,473.35",,-2.64%
2024/10/25,"4,538.03","4,492.60","4,593.12","4,492.60",,1.21%
2024/10/28,"4,574.07","4,563.74","4,601.07","4,516.73",,0.79%
2024/10/29,"4,623.84","4,648.47","4,701.00","4,601.52",,1.09%
2024/10/30,"4,513.68","4,581.18","4,610.33","4,491.61",,-2.38%
2024/10/31,"4,499.15","4,527.34","4,578.40","4,499.15",,-0.32%
2024/11/1,"4,483.91","4,504.48","4,548.66","4,454.93",,-0.34%
2024/11/4,"4,532.18","4,512.24","4,554.36","4,501.09",,1.08%
2024/11/5,"4,693.85","4,486.17","4,694.48","4,486.17",,3.57%
2024/11/6,"4,574.50","4,646.37","4,667.90","4,525.36",,-2.54%
2024/11/7,"4,677.64","4,532.54","4,687.50","4,508.40",,2.25%
2024/11/8,"4,668.26","4,786.41","4,838.38","4,658.69",,-0.20%
2024/11/11,"4,651.71","4,524.49","4,670.15","4,524.49",,-0.35%
2024/11/12,"4,456.86","4,627.54","4,680.41","4,442.54",,-4.19%
2024/11/13,"4,455.67","4,393.88","4,461.15","4,363.62",,-0.03%
2024/11/14,"4,318.32","4,388.38","4,463.34","4,294.34",,-3.08%
2024/11/15,"4,327.84","4,322.00","4,394.32","4,288.01",,0.22%
2024/11/18,"4,341.53","4,379.19","4,405.57","4,318.19",,0.32%
2024/11/19,"4,395.04","4,381.92","4,413.08","4,341.87",,1.23%
2024/11/20,"4,413.08","4,372.37","4,436.01","4,364.57",,0.41%
2024/11/21,"4,358.15","4,393.04","4,417.09","4,347.05",,-1.24%
2024/11/22,"4,246.20","4,366.18","4,400.54","4,226.58",,-2.57%
2024/11/25,"4,235.31","4,275.40","4,287.70","4,195.27",,-0.26%
2024/11/26,"4,221.99","4,203.90","4,265.98","4,203.90",,-0.31%
2024/11/27,"4,374.44","4,233.08","4,394.02","4,188.74",,3.61%
2024/11/28,"4,307.75","4,379.81","4,379.81","4,301.36",,-1.52%
2024/11/29,"4,353.55","4,309.31","4,431.75","4,304.34",,1.06%
2024/12/2,"4,405.95","4,355.64","4,425.39","4,343.37",,1.20%
2024/12/3,"4,417.99","4,413.91","4,433.95","4,342.70",,0.27%
2024/12/4,"4,404.04","4,428.08","4,444.90","4,381.72",,-0.32%
2024/12/5,"4,370.22","4,366.96","4,388.43","4,347.10",,-0.77%
2024/12/6,"4,464.65","4,387.48","4,472.69","4,352.64",,2.16%
2024/12/9,"4,656.80","4,429.05","4,664.33","4,416.38",,4.30%
2024/12/10,"4,591.94","4,854.34","4,854.34","4,588.16",,-1.39%
2024/12/11,"4,531.58","4,613.12","4,646.55","4,511.77",,-1.31%
2024/12/12,"4,600.82","4,551.33","4,659.95","4,521.73",,1.53%
2024/12/13,"4,479.60","4,554.23","4,567.79","4,458.21",,-2.63%
2024/12/16,"4,414.70","4,480.32","4,503.39","4,391.73",,-1.45%
2024/12/17,"4,389.08","4,387.62","4,472.97","4,360.96",,-0.58%
2024/12/18,"4,468.85","4,453.89","4,489.40","4,432.40",,1.82%
2024/12/19,"4,439.47","4,393.09","4,469.47","4,388.02",,-0.66%
2024/12/20,"4,444.19","4,432.72","4,487.66","4,429.60",,0.11%
2024/12/23,"4,457.85","4,481.46","4,497.18","4,437.59",,0.31%
2024/12/24,"4,507.65","4,468.71","4,528.57","4,459.54",,1.12%
2024/12/27,"4,538.59","4,524.99","4,578.15","4,517.96",,0.69%
2024/12/30,"4,500.60","4,546.01","4,557.06","4,484.78",,-0.84%
2024/12/31,"4,468.11","4,484.54","4,507.55","4,468.11",,-0.72%
2025/1/2,"4,357.53","4,436.74","4,447.02","4,347.09",,-2.47%
2025/1/3,"4,403.12","4,383.53","4,453.29","4,337.98",,1.05%
2025/1/6,"4,395.08","4,432.58","4,447.96","4,377.26",,-0.18%
2025/1/7,"4,354.80","4,352.61","4,403.19","4,275.81",,-0.92%
2025/1/8,"4,307.40","4,351.86","4,371.32","4,252.04",,-1.09%
2025/1/9,"4,311.54","4,304.76","4,367.61","4,296.09",,0.10%
2025/1/10,"4,260.82","4,335.01","4,360.09","4,251.77",,-1.18%
2025/1/13,"4,221.92","4,222.99","4,238.00","4,168.04",,-0.91%
2025/1/14,"4,352.04","4,227.99","4,380.41","4,227.43",,3.08%
2025/1/15,"4,363.79","4,329.76","4,387.10","4,315.24",,0.27%
2025/1/16,"4,417.37","4,423.63","4,489.47","4,361.22",,1.23%
2025/1/17,"4,479.19","4,410.14","4,492.85","4,392.29",,1.40%
2025/1/20,"4,595.20","4,554.60","4,638.85","4,542.63",,2.59%
2025/1/21,"4,693.72","4,650.62","4,722.07","4,608.00",,2.14%
2025/1/22,"4,581.09","4,644.50","4,669.78","4,560.61",,-2.40%
2025/1/23,"4,515.48","4,615.00","4,659.78","4,496.56",,-1.43%
2025/1/24,"4,657.61","4,545.34","4,675.81","4,538.72",,3.15%
2025/1/27,"4,687.34","4,706.36","4,751.66","4,667.56",,0.64%
2025/1/28,"4,723.63","4,723.61","4,731.86","4,678.52",,0.77%
2025/2/3,"4,737.46","4,699.47","4,741.50","4,572.60",,0.29%
2025/2/4,"4,977.38","4,828.96","4,981.91","4,821.49",,5.06%
2025/2/5,"4,930.20","4,975.78","4,975.78","4,845.33",,-0.95%
2025/2/6,"5,059.38","4,926.54","5,059.38","4,918.92",,2.62%
2025/2/7,"5,150.35","5,051.92","5,203.93","5,038.31",,1.80%
2025/2/10,"5,286.66","5,187.88","5,296.22","5,187.11",,2.65%
2025/2/11,"5,142.31","5,307.29","5,307.29","5,133.62",,-2.73%
2025/2/12,"5,281.18","5,214.32","5,281.72","5,155.00",,2.70%
2025/2/13,"5,235.28","5,321.63","5,503.40","5,201.34",,-0.87%
2025/2/14,"5,526.22","5,310.37","5,526.22","5,300.01",,5.56%
2025/2/17,"5,499.26","5,599.12","5,656.44","5,394.26",,-0.49%
2025/2/18,"5,639.05","5,519.19","5,696.46","5,494.27",,2.54%
2025/2/19,"5,672.24","5,576.09","5,676.37","5,510.92",,0.59%
2025/2/20,"5,500.02","5,610.81","5,652.08","5,466.24",,-3.04%
2025/2/21,"5,859.30","5,684.94","5,859.30","5,605.26",,6.53%
2025/2/24,"5,789.52","5,864.55","5,904.30","5,740.13",,-1.19%
2025/2/25,"5,698.82","5,540.42","5,814.70","5,537.54",,-1.57%
2025/2/26,"5,953.79","5,763.62","6,023.79","5,760.25",,4.47%
2025/2/27,"5,881.01","5,963.87","6,085.13","5,764.73",,-1.22%
2025/2/28,"5,568.14","5,862.98","5,862.98","5,511.45",,-5.32%
2025/3/3,"5,535.86","5,631.89","5,701.09","5,460.60",,-0.58%
2025/3/4,"5,535.64","5,400.15","5,590.14","5,358.76",,-0.00%
2025/3/5,"5,757.94","5,618.34","5,770.80","5,565.54",,4.02%
2025/3/6,"6,068.77","5,919.53","6,090.37","5,919.53",,5.40%
2025/3/7,"6,037.44","6,003.72","6,195.40","5,952.52",,-0.52%
2025/3/10,"5,885.49","6,016.34","6,076.28","5,819.12",,-2.52%
2025/3/11,"5,967.23","5,728.87","5,991.32","5,715.54",,1.39%
2025/3/12,"5,845.36","6,032.27","6,075.31","5,756.07",,-2.04%
2025/3/13,"5,747.77","5,867.63","5,881.64","5,644.68",,-1.67%
2025/3/14,"5,880.78","5,826.21","5,920.03","5,714.60",,2.31%
2025/3/17,"5,872.81","5,920.63","5,943.60","5,822.02",,-0.14%
2025/3/18,"6,105.50","6,038.30","6,105.50","5,980.77",,3.96%
2025/3/19,"6,041.19","6,043.94","6,096.90","5,979.49",,-1.05%
2025/3/20,"5,836.28","6,031.56","6,031.56","5,822.74",,-3.39%
2025/3/21,"5,639.56","5,799.08","5,854.78","5,614.56",,-3.37%
2025/3/24,"5,736.83","5,664.86","5,762.83","5,596.20",,1.72%
2025/3/25,"5,517.52","5,638.72","5,671.59","5,502.48",,-3.82%
2025/3/26,"5,573.04","5,537.45","5,606.98","5,522.89",,1.01%
2025/3/27,"5,589.12","5,588.57","5,706.34","5,495.53",,0.29%
2025/3/28,"5,506.47","5,605.34","5,649.15","5,455.21",,-1.48%
2025/3/31,"5,394.72","5,439.50","5,470.53","5,335.85",,-2.03%
2025/4/1,"5,407.38","5,441.99","5,517.76","5,395.90",,0.23%
2025/4/2,"5,426.44","5,398.70","5,506.56","5,359.83",,0.35%
2025/4/3,"5,313.26","5,257.91","5,371.54","5,250.64",,-2.09%
2025/4/7,"4,401.51","4,721.03","4,840.03","4,363.55",,-17.16%
2025/4/8,"4,568.38","4,547.38","4,664.70","4,415.76",,3.79%
2025/4/9,"4,689.19","4,373.62","4,753.49","4,296.16",,2.64%
2025/4/10,"4,813.74","4,875.02","4,998.49","4,765.50",,2.66%
2025/4/11,"4,900.43","4,787.95","4,987.08","4,746.34",,1.80%
2025/4/14,"5,015.12","5,053.59","5,077.88","4,977.77",,2.34%
2025/4/15,"4,981.60","5,057.81","5,057.81","4,916.57",,-0.67%
2025/4/16,"4,796.28","4,908.68","4,919.26","4,735.35",,-3.72%
2025/4/17,"4,887.37","4,790.56","4,910.57","4,774.46",,1.90%
2025/4/22,"4,899.21","4,854.75","4,919.74","4,792.59",,0.24%
2025/4/23,"5,049.40","5,070.75","5,079.37","4,978.50",,3.07%
2025/4/24,"4,975.89","5,045.20","5,064.65","4,921.53",,-1.46%
2025/4/25,"4,982.96","5,037.91","5,082.97","4,965.75",,0.14%
2025/4/28,"4,988.94","5,011.61","5,016.25","4,954.49",,0.12%
2025/4/29,"5,019.73","5,022.30","5,089.21","4,976.68",,0.62%
2025/4/30,"5,087.42","5,030.08","5,091.46","4,995.41",,1.35%
2025/5/2,"5,244.06","5,112.09","5,264.91","5,079.01",,3.08%
2025/5/6,"5,239.50","5,243.06","5,269.04","5,179.01",,-0.09%
2025/5/7,"5,200.04","5,382.09","5,396.54","5,198.63",,-0.75%
2025/5/8,"5,228.91","5,185.70","5,293.57","5,175.00",,0.56%
2025/5/9,"5,180.25","5,225.60","5,225.60","5,117.57",,-0.93%
2025/5/12,"5,447.35","5,291.67","5,500.89","5,215.13",,5.16%
2025/5/13,"5,269.66","5,431.61","5,431.61","5,253.63",,-3.26%
2025/5/14,"5,381.78","5,352.68","5,396.46","5,319.53",,2.13%
2025/5/15,"5,297.84","5,374.16","5,398.95","5,274.39",,-1.56%
2025/5/16,"5,281.34","5,247.34","5,299.16","5,235.53",,-0.31%
2025/5/19,"5,255.06","5,227.54","5,282.03","5,162.83",,-0.50%
2025/5/20,"5,315.56","5,266.61","5,337.21","5,243.02",,1.15%
2025/5/21,"5,342.41","5,330.25","5,373.36","5,317.53",,0.51%
2025/5/22,"5,251.75","5,336.47","5,344.69","5,224.25",,-1.70%
2025/5/23,"5,246.87","5,255.49","5,310.47","5,217.21",,-0.09%
2025/5/26,"5,157.65","5,229.96","5,233.97","5,138.85",,-1.70%
2025/5/27,"5,182.60","5,130.90","5,192.20","5,102.18",,0.48%
2025/5/28,"5,174.64","5,209.46","5,218.62","5,145.35",,-0.15%
2025/5/29,"5,301.92","5,177.62","5,320.36","5,161.15",,2.46%
2025/5/30,"5,170.43","5,234.93","5,235.13","5,145.07",,-2.48%
2025/6/2,"5,134.11","5,101.67","5,137.06","5,009.66",,-0.70%
2025/6/3,"5,189.49","5,162.05","5,215.65","5,154.64",,1.08%
2025/6/4,"5,219.02","5,171.78","5,249.97","5,170.12",,0.57%
2025/6/5,"5,319.96","5,269.58","5,321.98","5,251.68",,1.93%
2025/6/6,"5,286.52","5,327.04","5,327.04","5,245.45",,-0.63%
2025/6/9,"5,433.23","5,337.75","5,457.59","5,335.82",,2.78%
2025/6/10,"5,392.19","5,455.63","5,455.63","5,335.16",,-0.76%
2025/6/11,"5,451.20","5,403.96","5,484.63","5,399.42",,1.09%
2025/6/12,"5,331.33","5,389.56","5,405.40","5,319.98",,-2.20%
2025/6/13,"5,239.71","5,280.57","5,314.56","5,192.45",,-1.72%
2025/6/16,"5,299.91","5,207.61","5,328.20","5,185.65",,1.15%
2025/6/17,"5,291.85","5,314.09","5,339.13","5,258.11",,-0.15%
2025/6/18,"5,214.41","5,261.42","5,261.42","5,194.49",,-1.46%
2025/6/19,"5,088.32","5,187.07","5,196.76","5,071.54",,-2.42%
2025/6/20,"5,133.14","5,103.67","5,133.14","5,089.60",,0.88%
2025/6/23,"5,187.01","5,077.86","5,189.03","5,053.74",,1.05%
2025/6/24,"5,297.96","5,236.95","5,326.63","5,236.95",,2.14%
2025/6/25,"5,359.02","5,345.49","5,393.06","5,323.50",,1.15%
2025/6/26,"5,345.16","5,331.29","5,381.72","5,306.80",,-0.26%
2025/6/27,"5,341.43","5,363.68","5,393.99","5,323.86",,-0.07%
2025/6/30,"5,302.82","5,351.99","5,380.49","5,297.63",,-0.72%
2025/7/1,"5,302.82","5,351.99","5,380.49","5,297.63",,0.00%
2025/7/2,"5,269.11","5,359.67","5,362.18","5,256.22",,-0.64%
2025/7/3,"5,233.71","5,277.10","5,279.69","5,192.12",,-0.67%
2025/7/4,"5,216.26","5,194.33","5,277.86","5,129.52",,-0.33%
2025/7/7,"5,229.56","5,192.47","5,236.09","5,157.28",,0.25%
2025/7/8,"5,325.95","5,244.31","5,328.53","5,235.95",,1.84%
2025/7/9,"5,231.99","5,300.65","5,300.65","5,217.75",,-1.76%
2025/7/10,"5,216.60","5,218.31","5,240.13","5,190.39",,-0.29%
2025/7/11,"5,248.48","5,202.21","5,328.93","5,202.21",,0.61%
2025/7/14,"5,283.50","5,240.48","5,298.20","5,226.63",,0.67%
2025/7/15,"5,431.29","5,297.89","5,435.94","5,273.45",,2.80%
2025/7/16,"5,418.40","5,479.44","5,531.27","5,414.91",,-0.24%
2025/7/17,"5,448.85","5,417.48","5,471.47","5,401.41",,0.56%
2025/7/18,"5,538.83","5,520.07","5,550.49","5,473.54",,1.65%
2025/7/21,"5,585.50","5,604.06","5,604.06","5,537.83",,0.84%
2025/7/22,"5,606.83","5,589.82","5,613.47","5,552.32",,0.38%
2025/7/23,"5,745.74","5,675.95","5,759.51","5,624.91",,2.48%
2025/7/24,"5,743.00","5,730.80","5,802.88","5,729.35",,-0.05%
2025/7/25,"5,677.90","5,713.59","5,713.59","5,641.22",,-1.13%
2025/7/28,"5,664.02","5,699.07","5,705.04","5,639.12",,-0.24%
2025/7/29,"5,644.38","5,631.56","5,649.42","5,550.62",,-0.35%
2025/7/30,"5,490.76","5,540.85","5,591.71","5,466.00",,-2.72%
2025/7/31,"5,453.14","5,458.80","5,519.44","5,418.10",,-0.69%
2025/8/1,"5,397.40","5,447.96","5,489.83","5,397.40",,-1.02%
2025/8/4,"5,481.25","5,361.98","5,489.99","5,350.70",,1.55%
2025/8/5,"5,521.07","5,489.47","5,521.07","5,471.26",,0.73%
2025/8/6,"5,532.17","5,503.81","5,545.81","5,478.02",,0.20%
2025/8/7,"5,546.73","5,546.84","5,571.93","5,484.33",,0.26%
2025/8/8,"5,460.30","5,500.85","5,509.05","5,449.73",,-1.56%
2025/8/11,"5,460.02","5,470.92","5,477.51","5,420.02",,-0.01%
2025/8/12,"5,439.16","5,427.81","5,459.43","5,397.85",,-0.38%
2025/8/13,"5,630.78","5,490.46","5,630.78","5,487.42",,3.52%
2025/8/14,"5,576.03","5,669.47","5,669.47","5,557.74",,-0.97%
2025/8/15,"5,543.17","5,509.09","5,546.76","5,495.26",,-0.59%
2025/8/18,"5,579.18","5,565.54","5,671.34","5,565.54",,0.65%
2025/8/19,"5,542.03","5,592.30","5,594.97","5,524.10",,-0.67%
2025/8/20,"5,541.27","5,500.58","5,561.76","5,468.33",,-0.01%
2025/8/21,"5,498.50","5,539.65","5,539.65","5,469.66",,-0.77%
2025/8/22,"5,647.68","5,553.03","5,649.62","5,524.34",,2.71%
2025/8/25,"5,825.09","5,731.70","5,847.95","5,731.70",,3.14%
2025/8/26,"5,782.24","5,780.95","5,853.85","5,755.81",,-0.74%
2025/8/27,"5,697.53","5,814.33","5,856.40","5,679.11",,-1.47%
2025/8/28,"5,644.02","5,641.28","5,675.84","5,566.87",,-0.94%
2025/8/29,"5,674.31","5,689.24","5,734.52","5,628.20",,0.54%
2025/9/1,"5,798.96","5,792.25","5,820.39","5,747.34",,2.20%
2025/9/2,"5,728.46","5,792.84","5,798.76","5,690.81",,-1.22%
2025/9/3,"5,683.74","5,785.33","5,799.78","5,665.64",,-0.78%
2025/9/4,"5,578.86","5,725.64","5,725.98","5,553.61",,-1.85%
2025/9/5,"5,687.45","5,602.56","5,709.74","5,585.88",,1.95%
2025/9/8,"5,753.75","5,693.99","5,766.43","5,666.09",,1.17%
2025/9/9,"5,828.74","5,786.76","5,863.49","5,768.89",,1.30%
2025/9/10,"5,902.69","5,869.81","5,957.48","5,862.38",,1.27%
2025/9/11,"5,888.77","5,845.38","5,931.55","5,805.07",,-0.24%
2025/9/12,"5,989.27","6,004.74","6,042.61","5,976.52",,1.71%
2025/9/15,"6,043.61","5,982.40","6,077.71","5,972.97",,0.91%
2025/9/16,"6,077.66","6,070.77","6,116.90","6,010.44",,0.56%
2025/9/17,"6,334.24","6,133.10","6,351.52","6,133.10",,4.22%
2025/9/18,"6,271.22","6,334.32","6,461.04","6,179.19",,-0.99%
2025/9/19,"6,294.42","6,298.91","6,367.98","6,228.73",,0.37%
2025/9/22,"6,257.91","6,251.88","6,284.50","6,204.47",,-0.58%
2025/9/23,"6,167.06","6,271.36","6,274.09","6,093.39",,-1.45%
2025/9/24,"6,323.15","6,133.64","6,331.86","6,114.37",,2.53%
2025/9/25,"6,379.19","6,314.74","6,448.64","6,304.56",,0.89%
2025/9/26,"6,195.11","6,317.60","6,357.43","6,172.25",,-2.89%
2025/9/29,"6,324.25","6,236.69","6,338.74","6,236.69",,2.08%
2025/9/30,"6,465.66","6,345.96","6,475.92","6,326.61",,2.24%
2025/10/1,"6,465.66","6,345.96","6,475.92","6,326.61",,0.00%
2025/10/2,"6,682.86","6,483.22","6,715.46","6,481.58",,3.36%
2025/10/3,"6,622.85","6,653.26","6,665.56","6,561.09",,-0.90%
2025/10/6,"6,550.30","6,548.80","6,604.60","6,508.43",,-1.10%
2025/10/7,"6,550.30","6,548.80","6,604.60","6,508.43",,0.00%
2025/10/8,"6,514.19","6,543.40","6,543.40","6,405.16",,-0.55%
2025/10/9,"6,471.34","6,540.81","6,605.73","6,417.81",,-0.66%
2025/10/10,"6,259.75","6,380.88","6,380.88","6,241.75",,-3.27%
2025/10/13,"6,145.51","6,107.65","6,199.16","5,952.83",,-1.82%
2025/10/14,"5,923.26","6,180.08","6,205.98","5,894.47",,-3.62%
2025/10/15,"6,075.27","6,000.90","6,095.18","5,939.48",,2.57%
2025/10/16,"6,003.56","6,066.47","6,094.72","5,940.72",,-1.18%
2025/10/17,"5,760.38","5,999.48","5,999.48","5,732.75",,-4.05%
2025/10/20,"5,933.17","5,984.80","5,984.80","5,887.81",,3.00%
2025/10/21,"6,007.94","6,042.07","6,115.00","5,999.00",,1.26%
2025/10/22,"5,923.09","5,958.63","5,979.51","5,867.12",,-1.41%
2025/10/23,"5,951.45","5,882.92","5,992.66","5,818.47",,0.48%
2025/10/24,"6,059.89","6,032.41","6,066.36","5,994.59",,1.82%
2025/10/27,"6,171.08","6,184.65","6,184.74","6,098.81",,1.83%
2025/10/28,"6,093.44","6,198.68","6,198.68","6,070.05",,-1.26%
2025/10/29,"6,093.44","6,198.68","6,198.68","6,070.05",,0.00%
2025/10/30,"6,051.76","6,125.63","6,162.47","5,991.08",,-0.68%
2025/10/31,"5,908.08","6,012.57","6,014.49","5,908.08",,-2.37%
2025/11/3,"5,922.48","5,936.28","5,948.84","5,855.16",,0.24%
2025/11/4,"5,818.29","5,911.07","5,961.02","5,798.75",,-1.76%
2025/11/5,"5,785.85","5,716.54","5,805.55","5,651.15",,-0.56%
2025/11/6,"5,944.22","5,822.19","5,955.13","5,792.95",,2.74%
2025/11/7,"5,837.36","5,894.98","5,899.50","5,817.64",,-1.80%
2025/11/10,"5,915.56","5,858.41","5,924.48","5,803.22",,1.34%
2025/11/11,"5,924.39","5,962.02","5,970.68","5,856.72",,0.15%
2025/11/12,"5,933.99","5,939.69","5,973.60","5,876.72",,0.16%
2025/11/13,"5,981.30","5,885.22","6,025.53","5,869.96",,0.80%
2025/11/14,"5,812.80","5,848.48","5,907.94","5,795.80",,-2.82%
2025/11/17,"5,756.88","5,771.51","5,834.38","5,721.83",,-0.96%
2025/11/18,"5,645.73","5,684.81","5,739.13","5,613.99",,-1.93%
2025/11/19,"5,606.90","5,666.89","5,688.05","5,579.31",,-0.69%
2025/11/20,"5,574.59","5,646.28","5,660.53","5,510.11",,-0.58%
2025/11/21,"5,395.49","5,451.51","5,475.45","5,361.74",,-3.21%
2025/11/24,"5,545.56","5,456.61","5,565.53","5,410.07",,2.78%
2025/11/25,"5,612.03","5,624.61","5,671.55","5,559.13",,1.20%
2025/11/26,"5,618.36","5,649.77","5,669.58","5,609.86",,0.11%
2025/11/27,"5,598.05","5,613.00","5,679.45","5,587.74",,-0.36%
2025/11/28,"5,599.11","5,622.36","5,631.27","5,571.31",,0.02%
2025/12/1,"5,644.76","5,611.02","5,666.28","5,584.96",,0.82%
2025/12/2,"5,624.04","5,687.49","5,689.06","5,596.50",,-0.37%
2025/12/3,"5,534.92","5,595.53","5,600.88","5,524.25",,-1.58%
2025/12/4,"5,615.43","5,546.30","5,643.23","5,501.88",,1.45%
2025/12/5,"5,662.46","5,592.19","5,686.01","5,552.03",,0.84%
2025/12/8,"5,662.55","5,666.99","5,706.54","5,644.67",,0.00%
2025/12/9,"5,554.68","5,656.07","5,668.24","5,543.83",,-1.90%
2025/12/10,"5,581.10","5,552.35","5,582.96","5,502.17",,0.48%
2025/12/11,"5,534.59","5,611.93","5,626.77","5,516.21",,-0.83%
2025/12/12,"5,638.05","5,591.15","5,649.28","5,549.64",,1.87%
